-- phpMyAdmin SQL Dump
-- version 5.2.1
-- https://www.phpmyadmin.net/
--
-- Host: 127.0.0.1
-- Generation Time: Sep 17, 2024 at 02:57 PM
-- Server version: 10.4.32-MariaDB
-- PHP Version: 8.2.12

SET SQL_MODE = "NO_AUTO_VALUE_ON_ZERO";
START TRANSACTION;
SET time_zone = "+00:00";


/*!40101 SET @OLD_CHARACTER_SET_CLIENT=@@CHARACTER_SET_CLIENT */;
/*!40101 SET @OLD_CHARACTER_SET_RESULTS=@@CHARACTER_SET_RESULTS */;
/*!40101 SET @OLD_COLLATION_CONNECTION=@@COLLATION_CONNECTION */;
/*!40101 SET NAMES utf8mb4 */;

--
-- Database: `qualityassurance`
--

-- --------------------------------------------------------

--
-- Table structure for table `admin`
--

CREATE TABLE `admin` (
  `id` int(11) NOT NULL,
  `pin` int(11) NOT NULL,
  `dateTimeCreated` varchar(100) DEFAULT NULL,
  `username` varchar(100) NOT NULL
) ENGINE=InnoDB DEFAULT CHARSET=utf8mb4 COLLATE=utf8mb4_unicode_ci;

--
-- Dumping data for table `admin`
--

INSERT INTO `admin` (`id`, `pin`, `dateTimeCreated`, `username`) VALUES
(1, 1101, '2024-09-03', 'idevsoftwaregroup');

-- --------------------------------------------------------

--
-- Table structure for table `checklist`
--

CREATE TABLE `checklist` (
  `checklist_id` int(11) NOT NULL,
  `projectname` varchar(255) DEFAULT NULL,
  `contractor_name` varchar(255) DEFAULT NULL,
  `contract_number` varchar(255) DEFAULT NULL,
  `discipline` varchar(255) DEFAULT NULL,
  `permit_id` varchar(150) DEFAULT NULL,
  `checklistID` text NOT NULL,
  `crew` varchar(255) DEFAULT NULL,
  `axis` varchar(255) DEFAULT NULL,
  `floor` varchar(255) DEFAULT NULL,
  `block` varchar(255) DEFAULT NULL,
  `zone` varchar(255) DEFAULT NULL,
  `time_to_action` varchar(255) DEFAULT NULL,
  `permit_credit` varchar(255) DEFAULT NULL,
  `operation_description` text DEFAULT NULL,
  `date_created` timestamp NULL DEFAULT current_timestamp(),
  `file_name` text DEFAULT NULL,
  `file_size` text DEFAULT NULL,
  `file_data` text DEFAULT NULL,
  `discipline_group` text DEFAULT NULL,
  `status` text NOT NULL
) ENGINE=InnoDB DEFAULT CHARSET=utf8mb4 COLLATE=utf8mb4_unicode_ci;

--
-- Dumping data for table `checklist`
--

INSERT INTO `checklist` (`checklist_id`, `projectname`, `contractor_name`, `contract_number`, `discipline`, `permit_id`, `checklistID`, `crew`, `axis`, `floor`, `block`, `zone`, `time_to_action`, `permit_credit`, `operation_description`, `date_created`, `file_name`, `file_size`, `file_data`, `discipline_group`, `status`) VALUES
(9, 'برج غربی پروژه اسکان', 'همپایه', 'ESK-CNT-301015-021121', 'عملیات اجرای وال پست', 'ESK-P-301015-001000', 'ESK-C-301015-001000', 'asdasd', 'asdas', 'dada', 'dasd', 'asdasda', '15 days', '۲۳ hours', 'asdasdasdadas', '2024-09-03 16:30:46', NULL, NULL, NULL, 'سفت کاری و نازک کاری', 'Accept'),
(10, 'برج غربی پروژه اسکان', 'همپایه', 'ESK-CNT-301015-021121', 'کرسی چینی', 'ESK-P-301015-001002', 'ESK-C-301015-001002', 'dfsdfsd', 'fsdfs', 'fsdf', 'fsdf', 'sdfsdfs', '', '', 'asdasda', '2024-09-03 21:24:55', NULL, NULL, NULL, 'سفت کاری و نازک کاری', 'Accept'),
(11, 'برج غربی پروژه اسکان', 'همپایه', 'ESK-CNT-301015-021121', 'کرسی چینی', 'ESK-P-301015-001003', 'ESK-C-301015-001003', 'asd', 'asda', 'sdasd', 'sad', 'asda', '', '', 'asdas', '2024-09-04 01:18:50', NULL, NULL, NULL, 'سفت کاری و نازک کاری', 'issued');

-- --------------------------------------------------------

--
-- Table structure for table `checklistitemsactions`
--

CREATE TABLE `checklistitemsactions` (
  `id` int(11) NOT NULL,
  `item` text NOT NULL,
  `actionStatus` varchar(150) NOT NULL,
  `permit_id` varchar(150) CHARACTER SET utf8mb4 COLLATE utf8mb4_general_ci DEFAULT NULL,
  `project_id` varchar(150) NOT NULL,
  `user_name` text NOT NULL,
  `submitted_at` text NOT NULL,
  `description` text NOT NULL,
  `discipline` varchar(250) NOT NULL
) ENGINE=InnoDB DEFAULT CHARSET=utf8mb4 COLLATE=utf8mb4_unicode_ci;

--
-- Dumping data for table `checklistitemsactions`
--

INSERT INTO `checklistitemsactions` (`id`, `item`, `actionStatus`, `permit_id`, `project_id`, `user_name`, `submitted_at`, `description`, `discipline`) VALUES
(14, '0', 'Accept', 'ESK-P-301015-001000', '1', 'user4', '2024-09-03 16:49:38', 'شسشسییسبسیبسیبس', ''),
(15, '1', 'Accept', 'ESK-P-301015-001000', '1', 'user4', '2024-09-03 16:49:38', 'شسشسییسبسیبسیبس', ''),
(16, '0', 'Accept', 'ESK-P-301015-001000', '1', 'owner', '2024-09-03 16:50:25', 'qweqweqeqeqeq', ''),
(34, 'کنترل استفاده از وادار قائم در دیوار با طول بیش از ۴ متر', 'Accept', 'ESK-P-301015-001002', '1', 'owner', '2024-09-03 21:57:02', 'این توضیحات از سمت مدیر کارگاه کارفرما میباشند. به آنها توجه نکنید.', 'کرسی چینی'),
(35, 'کنترل استفاده از وادار افقی در دیوار با طول بیش از ۳/۵ متر', 'Accept', 'ESK-P-301015-001002', '1', 'owner', '2024-09-03 21:57:02', 'این توضیحات از سمت مدیر کارگاه کارفرما میباشند. به آنها توجه نکنید.', 'کرسی چینی'),
(36, 'کنترل فاصله جداسازی دیوار از ستون', 'Reject', 'ESK-P-301015-001002', '1', 'owner', '2024-09-03 21:57:02', 'این توضیحات از سمت مدیر کارگاه کارفرما میباشند. به آنها توجه نکنید.', 'کرسی چینی'),
(37, 'کنترل فاصله جداسازی دیوار از سقف', 'Accept', 'ESK-P-301015-001002', '1', 'owner', '2024-09-03 21:57:02', 'این توضیحات از سمت مدیر کارگاه کارفرما میباشند. به آنها توجه نکنید.', 'کرسی چینی'),
(38, 'کنترل عرض شاخک فلزی', 'Accept', 'ESK-P-301015-001002', '1', 'owner', '2024-09-03 21:57:02', 'این توضیحات از سمت مدیر کارگاه کارفرما میباشند. به آنها توجه نکنید.', 'کرسی چینی'),
(39, 'کنترل فاصله بین راس خرپا در میلگرد بستر', 'Accept', 'ESK-P-301015-001002', '1', 'owner', '2024-09-03 21:57:02', 'این توضیحات از سمت مدیر کارگاه کارفرما میباشند. به آنها توجه نکنید.', 'کرسی چینی'),
(40, 'کنترل طول همپوشانی شاخک و میلگرد طولی در میلگرد بستر', 'Accept', 'ESK-P-301015-001002', '1', 'owner', '2024-09-03 21:57:02', 'این توضیحات از سمت مدیر کارگاه کارفرما میباشند. به آنها توجه نکنید.', 'کرسی چینی'),
(41, 'کنترل مفصلی بودن وادار قائم به کف سازه', 'Accept', 'ESK-P-301015-001002', '1', 'owner', '2024-09-03 21:57:02', 'این توضیحات از سمت مدیر کارگاه کارفرما میباشند. به آنها توجه نکنید.', 'کرسی چینی'),
(42, 'کنترل کشوئی بودن اتصال وادار قائم به زیر سقف', 'Accept', 'ESK-P-301015-001002', '1', 'owner', '2024-09-03 21:57:02', 'این توضیحات از سمت مدیر کارگاه کارفرما میباشند. به آنها توجه نکنید.', 'کرسی چینی'),
(43, 'کنترل فاصله ناودانی به وادار زیر سقف', 'Accept', 'ESK-P-301015-001002', '1', 'owner', '2024-09-03 21:57:02', 'این توضیحات از سمت مدیر کارگاه کارفرما میباشند. به آنها توجه نکنید.', 'کرسی چینی'),
(44, 'کنترل مطابقت مقاطع وال پست با نقشه شاپ', 'Accept', 'ESK-P-301015-001002', '1', 'owner', '2024-09-03 21:57:02', 'این توضیحات از سمت مدیر کارگاه کارفرما میباشند. به آنها توجه نکنید.', 'کرسی چینی'),
(45, 'کنترل نصب وادار در محل تقاطع دو دیوار', 'Accept', 'ESK-P-301015-001002', '1', 'owner', '2024-09-03 21:57:02', 'این توضیحات از سمت مدیر کارگاه کارفرما میباشند. به آنها توجه نکنید.', 'کرسی چینی'),
(46, 'کنترل محل و محور نصب وال پست های قائم', 'Accept', 'ESK-P-301015-001002', '1', 'owner', '2024-09-03 21:57:02', 'این توضیحات از سمت مدیر کارگاه کارفرما میباشند. به آنها توجه نکنید.', 'کرسی چینی'),
(47, 'کنترل اجرای ضد زنگ مقاطع فلزی', 'Accept', 'ESK-P-301015-001002', '1', 'owner', '2024-09-03 21:57:02', 'این توضیحات از سمت مدیر کارگاه کارفرما میباشند. به آنها توجه نکنید.', 'کرسی چینی'),
(48, 'کنترل ابعاد کلیه وادارها', 'Accept', 'ESK-P-301015-001002', '1', 'owner', '2024-09-03 21:57:02', 'این توضیحات از سمت مدیر کارگاه کارفرما میباشند. به آنها توجه نکنید.', 'کرسی چینی');

-- --------------------------------------------------------

--
-- Table structure for table `checklist_items`
--

CREATE TABLE `checklist_items` (
  `id` int(11) NOT NULL,
  `discipline_id` int(11) NOT NULL,
  `createdDateTime` text NOT NULL,
  `operation_description` varchar(255) NOT NULL,
  `review_criteria` varchar(255) NOT NULL,
  `control_method_tool` varchar(255) NOT NULL,
  `minimum_check_value` varchar(50) NOT NULL,
  `considerations` varchar(255) NOT NULL,
  `allowable_tolerance` varchar(255) NOT NULL
) ENGINE=InnoDB DEFAULT CHARSET=utf8mb4 COLLATE=utf8mb4_general_ci;

--
-- Dumping data for table `checklist_items`
--

INSERT INTO `checklist_items` (`id`, `discipline_id`, `createdDateTime`, `operation_description`, `review_criteria`, `control_method_tool`, `minimum_check_value`, `considerations`, `allowable_tolerance`) VALUES
(1, 10, '2024-05-04 22:27:48', 'کنترل استفاده از وادار قائم در دیوار با طول بیش از ۴ متر', 'آیین نامه', 'متر', '۱۰۰', 'بند پ ۱-۱-۱-۴-۱-۶ پیوست آیین نامه ۲۸۰۰ ص ۲', 'ندارد'),
(2, 10, '2024-05-04 22:27:48', 'کنترل استفاده از وادار افقی در دیوار با طول بیش از ۳/۵ متر', 'آیین نامه', 'متر', '۱۰۰', 'بند پ ۱-۱-۱-۴-۱-۶ پیوست آیین نامه ۲۸۰۰ ص ۲', 'ندارد'),
(3, 10, '2024-05-04 22:27:48', 'کنترل فاصله جداسازی دیوار از ستون', 'آیین نامه', 'متر', '۱۰۰', 'بند پ ۱-۱-۱-۴-۱-۶ پیوست آیین نامه ۲۸۰۰ ص ۳', 'ندارد'),
(4, 10, '2024-05-04 22:27:48', 'کنترل فاصله جداسازی دیوار از سقف', 'آیین نامه', 'متر', '۱۰۰', 'بند پ ۱-۱-۱-۴-۱-۶ پیوست آیین نامه ۲۸۰۰ ص ۳', 'ندارد'),
(5, 10, '2024-05-04 22:27:48', 'کنترل عرض شاخک فلزی', 'آیین نامه', 'متر', '۱۰۰', 'تصویر ص ۷ پیوست ۶ آیین نامه ۲۸۰۰', 'ندارد'),
(6, 10, '2024-05-04 22:27:48', 'کنترل فاصله بین راس خرپا در میلگرد بستر', 'آیین نامه', 'متر', '۱۰۰', 'تصویر ص ۷ پیوست ۶ آیین نامه ۲۸۰۰', 'ندارد'),
(7, 10, '2024-05-04 22:27:48', 'کنترل طول همپوشانی شاخک و میلگرد طولی در میلگرد بستر', 'آیین نامه', 'متر', '۱۰۰', 'تصویر ص ۷ پیوست ۶ آیین نامه ۲۸۰۰', 'ندارد'),
(8, 10, '2024-05-04 22:27:48', 'کنترل مفصلی بودن وادار قائم به کف سازه', 'آیین نامه', 'بصری', '۱۰۰', 'بند پ ۱-۲-۴-۱-۶ پیوست آیین نامه ۲۸۰۰ ص ۸', 'ندارد'),
(9, 10, '2024-05-04 22:27:48', 'کنترل کشوئی بودن اتصال وادار قائم به زیر سقف', 'آیین نامه', 'بصری', '۱۰۰', 'بند پ ۱-۲-۴-۱-۶ پیوست آیین نامه ۲۸۰۰ ص ۸', 'ندارد'),
(10, 10, '2024-05-04 22:27:48', 'کنترل فاصله ناودانی به وادار زیر سقف', 'آیین نامه', 'متر', '۱۰۰', 'تصویر ص ۹ پیوست ۶ آیین نامه ۲۸۰۰', 'ندارد'),
(11, 10, '2024-05-04 22:27:48', 'کنترل مطابقت مقاطع وال پست با نقشه شاپ', 'نقشه', 'بصری', '۱۰۰', 'ندارد', 'ندارد'),
(12, 10, '2024-05-04 22:27:48', 'کنترل نصب وادار در محل تقاطع دو دیوار', 'آیین نامه', 'بصری', '۱۰۰', 'بند پ ۷-۲-۴-۱-۶ پیوست آیین نامه ۲۸۰۰ ص ۳', 'ندارد'),
(13, 10, '2024-05-04 22:27:48', 'کنترل محل و محور نصب وال پست های قائم', 'نقشه', 'دوربین نقشه برداری', '۱۰۰', 'ندارد', 'ندارد'),
(14, 10, '2024-05-04 22:27:48', 'کنترل اجرای ضد زنگ مقاطع فلزی', 'ندارد', 'بصری', '۱۰۰', 'ندارد', 'ندارد'),
(15, 10, '2024-05-04 22:27:48', 'کنترل ابعاد کلیه وادارها', 'نقشه', 'متر', '۱۰۰', 'ندارد', 'ندارد'),
(17, 11, '2024-09-03 20:15:46', 'شسیشس', 'یشسی', 'شسیش', 'یشس', 'یشسی', 'شیش'),
(18, 12, '2024-09-16 09:42:06', 'كالیبره كردن دوربینها و وسایل نقشه برداری					', 'ندارد', 'تاییدیه معتبر', '۱۰۰', 'ندارد', 'ندارد'),
(19, 12, '2024-09-16 09:42:06', 'ایجاد بنچ مارك‌های پروژه و كنترل موقعیـت نقطه‌هـا بـا نقشـه اجرایي					', 'نقشه', 'دوربین نقشه برداری', '۱۰۰', 'ندارد', 'ندارد'),
(20, 12, '2024-09-16 09:42:07', 'پیاده‌سازی محدوده زمین پروژه					', 'نقشه', 'دوربین نقشه برداری', '۱۰۰', 'ندارد', 'ندارد'),
(21, 12, '2024-09-16 09:42:07', 'کنترل نقشه محوطه با اسناد مالکیت جهـت حصول اطمینـان از  وضعیت موجود صحت ابعاد و محدوده زمین					', 'نقشه', 'دوربین نقشه برداری', '۱۰۰', 'ندارد', 'ندارد'),
(22, 12, '2024-09-16 09:42:07', 'پیاده كردن نقاط مهم در پروژه و ثابت كردن انها به عنوان بنچ ماركهـای فرعي					', 'نقشه', 'دوربین نقشه برداری', '۱۰۰', 'ندارد', 'ندارد'),
(23, 12, '2024-09-16 09:42:07', ' پیاده كردن امتداد معابر					', 'نقشه', 'دوربین نقشه برداری', '۱۰۰', 'ندارد', 'ندارد'),
(24, 12, '2024-09-16 09:42:07', 'كنترل طول و عرض معابرمجاور پروژه					', 'نقشه', 'دوربین نقشه برداری', '۱۰۰', 'ندارد', 'ندارد'),
(25, 12, '2024-09-16 09:42:07', 'كنترل مختصات بلوك‌ها و حصول اطمینان از استقرار صحیح					', 'نقشه', 'نقشه برداری', '۱۰۰', 'ندارد', 'ندارد'),
(26, 12, '2024-09-16 09:42:07', 'کنترل رقوم ارتفـاعي و توپوگرافی					', 'نقشه', 'نقشه برداری', '۱۰۰', 'ندارد', 'ندارد'),
(27, 12, '2024-09-16 09:42:07', 'کنترل رقوم ارتفاعي ساختمان‌ها از نظر دسترسي سواره رو و شیب رمپ‌ها					', 'نقشه', 'نقشه برداری', '۱۰۰', 'ندارد', 'ندارد'),
(28, 12, '2024-09-16 09:42:07', 'كنترل رقوم ارتفاعي ساختمانها از نظر دسترسي پیاده رو					', 'نقشه', 'نقشه برداری', '۱۰۰', 'ندارد', 'ندارد'),
(29, 13, '2024-09-16 09:55:32', 'تهیه کروکی ازمحل عملیات خاک‌برداری مطابق با نقشه‌های اجرایی					', 'نقشه', 'نقشه برداری', '۱۰۰', '', 'ندارد'),
(30, 13, '2024-09-16 09:55:32', 'حصول اطمینان ازصحت پیاده سازی نقشه درمحل خاکبرداری					', 'نقشه', 'نقشه برداری', '۱۰۰', '', 'ندارد'),
(31, 13, '2024-09-16 09:55:32', 'کنترل زاویه انحراف گود در هر مرحله از امتداد قائم					', 'نقشه', 'نقشه برداری', '۱۰۰', '', '۳ درجه'),
(32, 13, '2024-09-16 09:55:32', 'کنترل پیش‌روی/پس‌روی نسبت به خط پروژه در دیواره‌های قائم بدون برم					', 'نقشه', 'نقشه برداری', '۱۰۰', '', '+10/-25 cm	'),
(33, 13, '2024-09-16 09:55:32', 'کنترل پس روی دیواره در اثر شیب منفی دیوار					', 'نقشه', 'نقشه برداری', '۱۰۰', '', '20 cm	'),
(34, 13, '2024-09-16 09:55:32', 'تعیین محل قنوات , چاه‌ها و ... درمحل خاک‌برداری					', 'نقشه', 'نقشه برداری', '۱۰۰', '', 'ندارد'),
(35, 13, '2024-09-16 09:55:32', 'کنترل پایداری گود					', 'برداشت اولیه', 'نقشه برداری', '۱۰۰', '', 'ندارد'),
(36, 13, '2024-09-16 09:55:32', 'طول نیل					', 'نقشه', 'متر', '۱۰۰', '', '10cm	'),
(37, 13, '2024-09-16 09:55:32', 'پوشش دوغاب روی نیل					', 'نقشه', 'متر', '۱۰۰', '', '- + 2 mm	'),
(38, 13, '2024-09-16 09:55:32', 'بیرون‌زدگی نیل (میلگرد) از گمانه					', 'نقشه', 'متر', '۱۰۰', '', '+25 cm	'),
(39, 13, '2024-09-16 09:55:32', 'تعیین دقیق ابعاد خاک‌برداری با علامت‌گذاری‌های مناسب(تارگت گذاری)					', 'نقشه', 'نقشه برداری', '۱۰۰', '', 'ندارد'),
(40, 13, '2024-09-16 09:55:32', 'تعیین دقیق تراز خاک‌برداری در هر مرحله با علامت‌گذاری‌های مناسب (تارگت گذاری)					', 'نقشه', 'نقشه برداری', '۱۰۰', '', '- +25 cm	'),
(41, 13, '2024-09-16 09:55:32', 'حصارکشی و تامین ایمنی					', 'مبحث 12', 'بصری', '۱۰۰', 'بند 12-5-6-1 مبحث 12 ص 35					', 'ندارد'),
(42, 13, '2024-09-16 09:55:32', 'کنترل ایمنی فضاهای رفت و آمد انسان و ماشین‌آلات					', 'مبحث 12', 'بصری', '۱۰۰', 'بند 12-2-2-2 مبحث 12 ص 12					', 'ندارد'),
(43, 13, '2024-09-16 09:55:32', 'تامین روشنایی 					', 'مبحث 12', 'بصری', 'ندارد', 'بند 12-3-6  مبحث 12 ص 25					', 'ندارد'),
(44, 13, '2024-09-16 09:55:32', 'تعیین دقیق محل ورودی انشعابات شهری (قدیم) و تاسیسات زیر بنایی احتمالی					', 'نقشه', 'نقشه برداری', '۱۰۰', '', 'ندارد'),
(45, 13, '2024-09-16 09:55:32', 'نصب سازه موقت ایمن جهت دسترسی به کف گود					', 'نقشه تجهیز', 'بصری', '۱۰۰', 'بند 12-7-4 ص 54 مبحث  12					', 'ندارد'),
(46, 13, '2024-09-16 09:55:32', 'کنترل رقوم تراز ارتفاعی کف گود					', 'نقشه', 'نقشه برداری', '۱۰۰', '', 'ندارد'),
(47, 13, '2024-09-16 09:55:32', 'کنترل نتایج آزمایش عملکرد (Performance Test)					', 'آیین‌نامه FHWA', 'آزمایشگاه', '۱۰۰', '', 'ندارد'),
(48, 13, '2024-09-16 09:55:32', 'کنترل نتایج آزمایش تاییدی (Proof Test)					', 'آیین‌نامه FHWA', 'آزمایشگاه', '۵', '', 'ندارد'),
(49, 13, '2024-09-16 09:55:32', 'کنترل نتایج آزمایش خزش (Creep Test)					', 'آیین‌نامه FHWA', 'آزمایشگاه', '۱۰۰', '', 'ندارد'),
(50, 13, '2024-09-16 09:55:32', 'کنترل نتایج آزمایش کنترل بار (Lift-off Test)					', 'آیین‌نامه FHWA', 'آزمایشگاه', '۵', '', 'ندارد'),
(51, 13, '2024-09-16 09:55:32', 'کنترل عیار دوغاب سیمان					', 'نقشه', 'بصری', '۱۰۰', '', 'ندارد'),
(52, 13, '2024-09-16 09:55:32', 'کنترل محل و نحوه نصب سولجر					', 'نقشه شاپ', 'نقشه برداری', '۱۰۰', '', 'ندارد'),
(53, 13, '2024-09-16 09:55:32', 'کنترل ابعاد چشمه و سایز و نوع میلگرد مش					', 'نقشه', 'ندارد', 'ندارد', '', 'ندارد'),
(54, 13, '2024-09-16 09:55:32', 'کنترل اورلب و اسپیسر مش‌ها					', 'نقشه شاپ', 'ندارد', 'ندارد', '', 'ندارد'),
(55, 13, '2024-09-16 09:55:32', 'کنترل شیب، قطر، طول و تعداد چاله‌ها					', 'نقشه', 'ندارد', 'ندارد', '', 'ندارد'),
(56, 13, '2024-09-16 09:55:32', 'کنترل تعداد رشته‌های استرند					', 'نقشه', 'ندارد', 'ندارد', '', 'ندارد'),
(57, 13, '2024-09-16 09:55:32', 'کنترل حداقل طول بخش آزاد استرند					', 'نقشه', 'ندارد', 'ندارد', '4/5 متر					', 'ندارد'),
(58, 13, '2024-09-16 09:55:32', 'کنترل حداقل طول بخش گیردار استرند					', 'نقشه', 'ندارد', 'ندارد', '6 متر					', 'ندارد'),
(59, 13, '2024-09-16 09:55:32', 'کنترل فواصل سنترالایزر					', 'نقشه شاپ', 'ندارد', 'ندارد', 'حداکثر هر 3 متر					', 'ندارد'),
(60, 13, '2024-09-16 09:55:32', 'کنترل زمان کشیدن استرندها برای ایجاد پیش‌تنیدگی لازم					', 'نقشه شاپ', 'ندارد', 'ندارد', '', 'ندارد'),
(61, 13, '2024-09-16 09:55:32', 'کنترل ابعاد صفحه باربر					', 'نقشه شاپ', 'ندارد', 'ندارد', '', 'ندارد'),
(62, 13, '2024-09-16 09:55:32', 'کنترل مشخصات مهره‌ها					', 'نقشه شاپ', 'ندارد', 'ندارد', '', 'ندارد'),
(63, 14, '2024-09-16 10:34:25', 'حصول اطمینان ازصحت پیاده سازی نقشه درمحل خاکبرداری					', 'نقشه', 'نقشه برداری', '۱۰۰', '', 'ندارد'),
(64, 14, '2024-09-16 10:34:25', 'کنترل محل جانمایی تاور کرین					', 'نقشه تجهیز', 'نقشه برداری', '۱۰۰', '', 'ندارد'),
(65, 14, '2024-09-16 10:34:25', 'کنترل زاویه انحراف گود نهایی از امتداد قائم					', 'نقشه', 'نقشه برداری', '۱۰۰', '', '1درجه	'),
(66, 14, '2024-09-16 10:34:25', 'نصب سازه موقت ایمن جهت دسترسی به کف گود					', 'نقشه تجهیز', 'بصری', '۱۰۰', 'بند 12-7-4 ص 54 مبحث 12					', 'ندارد'),
(67, 14, '2024-09-16 10:34:25', 'تعیین محل قنوات , چاه‌ها و ... درمحل خاک‌برداری					', 'نقشه', 'نقشه برداری', '۱۰۰', '', 'ندارد'),
(68, 14, '2024-09-16 10:34:25', 'کنترل پایداری گود					', 'برداشت اولیه', 'نقشه برداری', '۱۰۰', '', 'ندارد'),
(69, 14, '2024-09-16 10:34:25', 'طول نیل					', 'نقشه', 'متر', '۱۰۰', '', '10cm	'),
(70, 14, '2024-09-16 10:34:25', 'پوشش دوغاب روی نیل					', 'نقشه', 'متر', '۱۰۰', '', '- + 2 mm	'),
(71, 14, '2024-09-16 10:34:25', 'بیرون‌زدگی نیل (میلگرد) از گمانه					', 'نقشه', 'متر', '۱۰۰', '', '+25 cm	'),
(72, 14, '2024-09-16 10:34:25', 'خاکبرداری 15 سانتی‌متر نهایی به صورت دستی					', 'نقشه', 'متر', '۱۰۰', '', 'ندارد'),
(73, 14, '2024-09-16 10:34:25', 'تعیین دقیق ابعاد خاک‌برداری با علامت‌گذاری‌های مناسب( تارگت گذاری)					', 'نقشه', '۱۰۰', '۱۰۰', '', 'ندارد'),
(74, 14, '2024-09-16 10:34:25', 'کنترل تسطیح و رگلاژ کف رقوم و ابعاد موردنیاز					', 'نقشه', '۱۰۰', '۱۰۰', '', 'ندارد'),
(75, 14, '2024-09-16 10:34:25', 'کامپکت کردن و انجام آزمایش در محل‌های مورد نیاز					', 'آیین نامه	', '۱۰۰', '۱۰۰', '', 'حداقل 95	'),
(76, 14, '2024-09-16 10:34:25', 'نصب علایم هشداردهنده در محل‌های مناسب و حضور نگهبان شب و روز در زمان عملیات					', 'مبحث 12	', '۱۰۰', '۱۰۰', '', 'ندارد'),
(77, 14, '2024-09-16 10:34:25', 'کنترل ایمنی فضاهای رفت و آمد انسان و ماشین‌آلات					', 'مبحث 12	', '۱۰۰', '۱۰۰', 'بند 12-2-2-2 مبحث 12 ص 12					', 'ندارد'),
(78, 14, '2024-09-16 10:34:25', 'حصارکشی و تامین ایمنی					', 'مبحث 12	', '۱۰۰', '۱۰۰', 'بند 12-5-6-1 مبحث 12 ص 35					', 'ندارد'),
(79, 14, '2024-09-16 10:34:25', 'تامین روشنایی 					', 'مبحث 12	', 'ندارد', '', 'بند 12-3-6  مبحث 12 ص 25					', 'ندارد'),
(80, 14, '2024-09-16 10:34:25', 'کنترل جانمائی محل چاله آسانسورها					', 'نقشه', '۱۰۰', '۱۰۰', '', 'ندارد'),
(89, 15, '2024-09-16 10:40:42', 'کنترل ظاهری ورق					', 'استاندارد', 'بصری	', '۱۰۰', '', 'پیوست ۱'),
(90, 15, '2024-09-16 10:40:42', 'کنترل توالی نصب از بالا به پایین					', 'دستور العمل', 'بصری	', '۱۰۰', '', 'ندارد'),
(91, 15, '2024-09-16 10:40:42', 'کنترل تعداد و نوع  واشر آب بند در متر مربع سطح کار					', 'دستور العمل', 'بصری	', '۵۰', 'مطایق با دستورالعمل اعلامی مشاور					', 'ندارد'),
(92, 15, '2024-09-16 10:40:42', 'مقدار اورلب رول‌ها					', 'دستور العمل', 'متر', '۱۰۰', 'مطایق با دستورالعمل اعلامی مشاور					', 'ندارد'),
(93, 15, '2024-09-16 10:40:42', 'کنترل میزان ساییدگی ورق در محل جوش					', 'استاندارد', 'کولیس', '۵۰', '', '10%	'),
(94, 15, '2024-09-16 10:40:42', 'کنترل شعاع انحنا در گوشه‌ها					', 'دستور العمل', 'کولیس', '۱۰۰', '', 'R>15 mm	'),
(95, 15, '2024-09-16 10:40:42', 'کنترل میزان عایق قرار گرفته زیر مگر					', 'دستور العمل', 'متر', '۱۰۰', '', 'ندارد'),
(96, 15, '2024-09-16 10:40:42', 'کنترل اصلاح محل میخکوبی های ناموفق					', 'دستور العمل', 'بصری', '۱۰۰', '', 'ندارد'),
(97, 16, '2024-09-16 10:42:57', 'کنترل نقاط چهار گوشه مگر اجرا شده و  ریسمان کشی و در امتداد بودن راس ها					', 'نقشه', 'نقشه برداری	', '۱۰۰', '', 'ندارد'),
(98, 16, '2024-09-16 10:42:57', 'کنترل رقوم ارتفاعی و  تراز سطح مگر					', 'نقشه', 'نقشه برداری	', '۱۰۰', '', 'ندارد'),
(99, 16, '2024-09-16 10:42:57', 'ضخامت بتن مگر اجرا شده					', 'نقشه', 'متر', '۱۰۰', 'بند 5-7-3 ص 303 نشریه 55					', '+2cm	'),
(100, 16, '2024-09-16 10:42:57', 'تمیزی و یکنواختی سطح بتن مگر					', 'ندارد', 'بصری', '۱۰۰', '', 'ندارد'),
(101, 16, '2024-09-16 10:42:57', ' عمل آوری بتن					', 'مبحث 9	', 'بصری', '۱۰۰', 'بند 9-22-5-3 ص 465 مبحث 9					', 'ندارد'),
(102, 16, '2024-09-16 10:42:57', 'نظافت نهایی و عدم وجود هرگونه مصالح و تجهیزات مازاد					', 'ندارد', 'بصری', '۱۰۰', '', 'ندارد'),
(103, 17, '2024-09-16 10:57:29', 'کنترل میلگردهای اصلی(نوع، سایز، طول،  فواصل و تعداد)					', 'نقشه شاپ', 'متر / کولیس	', '۱۰۰', '', 'ندارد'),
(104, 17, '2024-09-16 10:57:29', 'کنترل آرماتوربندی بر اساس ابعاد فونداسیون 					', 'نقشه', 'نقشه برداری', '۱۰۰', 'جدول 6-3-3 صفحه 359 نشریه 55					', '\"-12mm +50mm\"	'),
(105, 17, '2024-09-16 10:57:29', 'کنترل ارتفاع آرماتوربندی بر اساس ضخامت فونداسیون 					', 'نقشه', 'نقشه برداری', '۱۰۰', 'جدول 6-3-3 صفحه 359 نشریه 55					', '0.05	'),
(106, 17, '2024-09-16 10:57:29', 'رعایت ژوئن و درز انقطاع در صورت وجود					', 'نقشه', 'نقشه برداری', '۱۰۰', '', 'ندارد'),
(107, 17, '2024-09-16 10:57:29', 'کنترل Overlap میلگردها 					', 'نقشه شاپ', 'متر', '۱۰۰', 'بند 9-21-4-4 ص 439 الی 441  مبحث 9					', 'ندارد'),
(108, 17, '2024-09-16 10:57:29', 'کنترل طول خم میلگرد‌ها و شعاع خم					', 'نقشه شاپ', 'متر', '۵۰', 'جدول 9-21-1 ص 421 و جدول 9-21-2 ص 423 مبحث 9					', 'ندارد'),
(109, 17, '2024-09-16 10:57:29', 'کنترل دما زمان خم کردن میلگردهای اصلی					', 'نقشه شاپ', 'دماسنج', '۱۰۰', '', '>-5°c	'),
(110, 17, '2024-09-16 10:57:29', 'کنترل شکل، سایز، تعداد و فاصله خرک‌ها مطابق جزئیات اجرایی					', 'نقشه', 'متر / کولیس	', '۱۰۰', '', 'ندارد'),
(111, 17, '2024-09-16 10:57:29', 'کنترل شکل، سایز، تعداد، فاصله خاموت و سنجاقی مطابق جزئیات اجرایی					', 'نقشه', 'متر / کولیس	', '۱۰۰', '', 'ندارد'),
(112, 17, '2024-09-16 10:57:29', 'کنترل ابعاد خاموت مطابق جزئیات اجرایی					', 'نقشه', 'متر / کولیس	', '۵۰', '', '-+12 mm	'),
(113, 17, '2024-09-16 10:57:29', 'کنترل میلگردهای تقویتی(نوع، سایز، طول، خم، فواصل و تعداد)					', 'نقشه', 'متر / کولیس	', '۱۰۰', 'جدول 9-21-1 ص 421 و جدول 9-21-2 ص 423 مبحث 9					', 'ندارد'),
(114, 17, '2024-09-16 10:57:29', 'کنترل تعداد، نوع و محل و طول میلگردهای انتظار دیوارها و ستون‌ها					', 'نقشه', 'نقشه برداری / متر	', '۱۰۰', 'بند 5-11-12 نشریه 55 ص 351					', 'ندارد'),
(115, 17, '2024-09-16 10:57:29', 'کنترل ضخامت پوشش بتن محافظ میلگرد‌ها					', 'نقشه', 'متر	', '۱۰۰', 'جدول 5-11-11-1 نشریه 55 ص 349					', '-+8 mm	'),
(116, 17, '2024-09-16 10:57:29', 'کنترل فاصله میلگردها با بتن مگر (رعایت کاور)					', 'آیین نامه', 'متر	', '۵۰', 'جدول 5-11-11-1 نشریه 55 ص 349					', '>50 mm	'),
(117, 17, '2024-09-16 10:57:29', 'کنترل تعداد و اندازه Spacer ها					', 'آیین نامه', 'متر	', '۱۰۰', 'جدول 5-11-11-1 نشریه 55 ص 349					', 'ندارد'),
(118, 17, '2024-09-16 10:57:29', 'کنترل آکس بندی و محل ریشه ستون‌ها 					', 'نقشه', 'نقشه برداری	', '۱۰۰', 'بند 5-11-12 نشریه 55 ص 351					', 'ندارد'),
(119, 17, '2024-09-16 10:57:29', 'کنترل آکس بندی و محل ریشه دیوارها					', 'نقشه', 'نقشه برداری	', '۱۰۰', 'بند 5-11-12 نشریه 55 ص 351					', 'ندارد'),
(120, 17, '2024-09-16 10:57:29', 'حصول اطمینان از غلاف گذاری و پیش بینی کارهای تاسیساتی					', 'نقشه', 'بصری	', '۱۰۰', '', 'ندارد'),
(121, 17, '2024-09-16 10:57:29', 'تمیزکاری و آماده سازی میلگردها برای عملیات بتن ریزی					', 'ندارد', 'بصری	', '۱۰۰', 'بند 2-5-3-1 ص 35 نشریه 55					', 'ندارد'),
(122, 17, '2024-09-16 10:57:29', 'کنترل قطعات مدفون در بتن (اینسرت پلیت، صفحه ستون و...)					', 'نقشه', 'بصری	', '۱۰۰', '', 'ندارد'),
(123, 17, '2024-09-16 10:57:29', 'کنترل نصب واتر استاپ					', 'نقشه شاپ', 'بصری	', '۱۰۰', '', 'ندارد'),
(124, 17, '2024-09-16 10:57:29', 'کنترل نصب 2 لایه رابیتس در محل قطع بتن مطابق جزییات نقشه به صورت قائم					', 'نقشه شاپ', 'بصری	', '۱۰۰', '', 'ندارد'),
(125, 17, '2024-09-16 10:57:29', 'کنترل دستگاه‌های فعال(شامل خم، برش، خاموت زن و...)					', 'ندارد', 'بصری	', '۱۰۰', '', 'ندارد'),
(126, 17, '2024-09-16 10:57:29', 'کنترل فاصله و سایز میلگردهای قطع بتن (میلگردهای دوخت) مطابق جزییات نقشه					', 'نقشه شاپ', 'بصری - متر	', '۱۰۰', '', 'ندارد'),
(127, 17, '2024-09-16 10:57:29', 'کنترل همبندی و ارت پایه ستون ها					', 'نقشه', 'بصری	', '۱۰۰', '', 'ندارد'),
(128, 17, '2024-09-16 10:57:29', 'کنترل نظافت محیط کار و لبه پرتگاه ها					', 'ندارد', 'بصری	', '۱۰۰', 'مندرجات قرارداد					', 'ندارد'),
(129, 17, '2024-09-16 10:57:29', 'کنترل حفاظ گذاری مناطق پرتگاهی					', 'آیین نامه', 'بصری	', '۱۰۰', 'بند 12-5-6-1 مبحث 12 ص 35					', 'ندارد'),
(130, 17, '2024-09-16 10:57:29', 'کنترل ایمنی مسیر تردد (تخته ریزی مسیر و عدم وجود معارض)					', 'آیین نامه', 'بصری	', '۱۰۰', 'بند 12-7-5 مبحث 12 ص 54 و ص 55					', 'ندارد'),
(131, 17, '2024-09-16 10:57:29', 'کنترل ابعاد و محل چاه‌ها					', 'نقشه', 'نقشه برداری', '۱۰۰', '', 'ندارد'),
(132, 17, '2024-09-16 10:57:29', 'کنترل میلگردهای تقویتی اطراف چاه‌ها					', 'نقشه', 'بصری	', '۱۰۰', '', 'ندارد'),
(133, 18, '2024-09-16 11:03:15', 'کنترل ابعاد قالب‌بندی فونداسیون					', 'نقشه	', 'نقشه برداری	', '100		', 'جدول 6-3-3 نشریه 55 ص 359					', '\"-12mm +5mm\"	'),
(134, 18, '2024-09-16 11:03:15', 'کنترل راستا و گونیایی کنج‌ها در قالب					', 'نقشه	', 'نقشه برداری', '۱۰۰', 'ندارد', 'ندارد'),
(135, 18, '2024-09-16 11:03:15', 'کنترل  پشت بندها – مهاربندها و درزبندی قالب‌ها					', 'ندارد', 'بصری', '۱۰۰', 'ندارد', 'ندارد'),
(136, 18, '2024-09-16 11:03:15', 'کنترل پاک‌سازی و روغن‌کاری قالب‌ها					', 'ندارد', 'بصری', '۱۰۰', 'ندارد', 'ندارد'),
(137, 18, '2024-09-16 11:03:15', 'کنترل ارتفاع و شاقولی قالب‌ها					', 'نقشه', 'نقشه برداری', '۱۰۰', 'جدول 6-3-3 نشریه 55 ص 359					', 'پیوست'),
(138, 18, '2024-09-16 11:03:15', 'کنترل  آکس‌ها و محل استقرار شالوده					', 'نقشه', 'نقشه برداری', '۱۰۰', 'جدول 6-3-3 نشریه 55 ص 359					', 'پیوست'),
(139, 18, '2024-09-16 11:03:15', 'تمیز کاری و نظافت محل بتن‌ریزی					', 'ندارد', 'بصری', '۱۰۰', 'ندارد', 'ندارد'),
(140, 18, '2024-09-16 11:03:15', 'کنترل کیفیت لوازم قالب‌بندی					', 'ندارد', 'بصری', '۱۰۰', 'ندارد', 'ندارد'),
(141, 18, '2024-09-16 11:03:15', 'کنترل رعایت فاصله میلگردها با قالب(کاور)					', 'نقشه شاپ', 'متر', '۱۰۰', 'جدول 5-11-11-1 نشریه 55 ص 349					', '>50mm	'),
(142, 18, '2024-09-16 11:03:15', 'کنترل ابعاد داخلی چاله آسانسورها					', 'نقشه', 'نقشه بردار', '۱۰۰', 'ندارد', 'ندارد'),
(143, 18, '2024-09-16 11:03:15', 'کنترل محل قطع بتن ( رابیتس بندی دولایه قائم)					', 'نقشه', 'بصری', '۱۰۰', 'ندارد', 'ندارد'),
(144, 18, '2024-09-16 11:03:15', 'کنترل نظافت محیط کار و لبه پرتگاه‌ها					', 'ندارد', 'بصری', '۱۰۰', 'مندرجات قرارداد', 'ندارد'),
(145, 18, '2024-09-16 11:03:15', 'کنترل حفاظ گذاری مناطق پرتگاهی					', 'آیین نامه', 'بصری', '۱۰۰', 'بند 12-5-6-1 مبحث 12 ص 35					', 'ندارد'),
(146, 18, '2024-09-16 11:03:15', 'کنترل ایمنی مسیر تردد (تخته ریزی مسیر و عدم وجود معارض)					', 'آیین نامه', 'بصری', '۱۰۰', 'بند 12-7-5 مبحث 12 ص 54 و ص 55					', 'ندارد'),
(147, 18, '2024-09-16 11:03:15', 'کنترل ابعاد بازشو محل چاه					', 'نقشه', 'نقشه برداری', '۱۰۰', 'ندارد', 'ندارد'),
(148, 19, '2024-09-16 11:05:19', 'کنترل تعداد میله ارت مورد نیاز					', 'نقشه الکتریکال	', 'بصری', '۱۰۰', 'ندارد', 'ندارد'),
(149, 19, '2024-09-16 11:05:19', 'کنترل اتصال میله‌ها توسط کلمپ و سیم مسی به هم					', 'نقشه الکتریکال	', 'بصری', '۱۰۰', 'ندارد', 'ندارد'),
(150, 19, '2024-09-16 11:05:19', 'کنترل اجرای کابل ارت از داخل لوله PVC حدفاصل میله تا سکسیونر					', 'نقشه الکتریکال', 'بصری', '۱۰۰', 'ندارد', 'ندارد'),
(151, 19, '2024-09-16 11:05:19', 'کنترل اجرای سکسیونر ارت جهت تست مقاومت					', 'نقشه الکتریکال', 'بصری', '۱۰۰', 'ندارد', 'ندارد'),
(152, 19, '2024-09-16 11:05:19', 'ارائه تست شیت و صورتجلسه مصالح مصرفی					', 'ارت سنج', 'بصری', '۱۰۰', 'ندارد', 'ندارد'),
(153, 19, '2024-09-16 11:05:19', 'کنترل نظافت محیط و سکو کار					', 'قرارداد', 'بصری', '۱۰۰', 'مندرجات قرارداد', 'ندارد'),
(154, 20, '2024-09-16 11:13:29', 'کنترل مقدار بتن مصرفی با توجه به درخواست پیمانکار و نقشه					', 'نقشه شاپ', 'متره برآورد', '۱۰۰', 'ندارد', 'ندارد'),
(155, 20, '2024-09-16 11:13:29', 'کنترل دمای محیط و در صورت نیاز تمهیدات لازم جهت حفاظت بتن و عمل آوری بر اساس اقلیم					', 'مقررات ملی	', 'دماسنج	', '۱۰۰', 'بند 9-22-5-3 ص 465 مبحث 9					', '5°-38°	'),
(156, 20, '2024-09-16 11:13:29', 'رعایت زمان بارگذاری مطابق دستورالعمل					', 'مقررات ملی', 'تقویم', '۱۰۰', 'آرماتوربندی دیوار و ستون بعد از 3 الی 4روز-بتن ریزی بعد از 1 هفته					', 'ندارد'),
(157, 20, '2024-09-16 11:13:29', 'کنترل زمان بارگیری تا تخلیه بتن					', 'بارنامه	', 'بصری	', '۱۰۰', 'بند 5-6-2 ص297 نشریه 55					', '<1/5 h	'),
(158, 20, '2024-09-16 11:13:29', 'کنترل اسلامپ بتن					', 'مقررات ملی	', 'لوازم آزمایشگاهی	', '۱۰۰', 'جدول 5-3-2-1 ص 271 نشریه 55					', 'ندارد'),
(159, 20, '2024-09-16 11:13:29', 'کنترل نمونه برداری به تعداد لازم					', 'آیین نامه', 'بصری', '۱۰۰', 'بند 5-10-4-1 نشریه 55 ص 336 و 337					', 'ندارد'),
(160, 20, '2024-09-16 11:13:29', 'کنترل نحوه تخلیه بتن					', 'مقررات ملی', 'بصری	', 'ندارد', 'بند 9-22-5-2-1 ص464- 463 مبحث 9					', 'ندارد'),
(161, 20, '2024-09-16 11:13:29', 'کنترل اجرای ویبره مطابق دستورالعمل					', 'ندارد', 'بصری', '۱۰۰', 'فاصله بین دو نقطه حداکثر 1/5 برابر شعاع عملکرد موثر ویبراتور					', 'ندارد'),
(162, 20, '2024-09-16 11:13:29', 'کنترل محور درز انبساط مطابق نقشه در صورت وجود					', 'نقشه', 'دوربین نقشه برداری	', '۱۰۰', 'ندارد', 'ندارد'),
(163, 20, '2024-09-16 11:13:29', 'کنترل رقوم تراز سطح بتن 					', 'ندارد', 'بصری', '۱۰۰', 'کاور حداقل 50 میلیمتر - سطح بتن اب جمع نشود 					', 'ندارد'),
(164, 20, '2024-09-16 11:13:29', 'رعایت محل و شکل هندسی قطع بتن مطابق دستورالعمل					', 'مقررات ملی', 'بصری', '۱۰۰', 'به صورت عمودی و دو لایه رابیتس					', 'ندارد'),
(165, 20, '2024-09-16 11:13:29', 'کنترل حفاظ گذاری مناطق پرتگاهی					', 'آیین نامه', 'بصری', '۱۰۰', 'مبحث دوازدهم 12-5-6-1 صفحه 35					', 'ندارد'),
(166, 20, '2024-09-16 11:13:29', 'کنترل ایمنی مسیر تردد (تخته‌ریزی و عدم وجود معارض)					', 'آیین نامه', 'بصری', '۱۰۰', 'بند 12-7-5 مبحث 12 ص 54 					', 'ندارد'),
(167, 20, '2024-09-16 11:13:29', 'کنترل نظافت محیط کار و لبه پرتگاه‌ها					', 'ندارد', 'بصری	', '۱۰۰', 'مندرجات قرارداد					', 'ندارد'),
(168, 20, '2024-09-16 11:13:29', 'کنترل ایمنی ترافیکی					', 'آیین نامه', 'بصری', '۱۰۰', 'مبحث دوازدهم 12-2-2-2 صفحه 12					', 'ندارد'),
(169, 20, '2024-09-16 11:13:29', 'کنترل روشنایی محل کار					', 'آیین نامه', 'بصری', '۱۰۰', 'بند 12-3-6  مبحث 12 ص 25					', 'ندارد'),
(170, 20, '2024-09-16 11:13:29', 'کنترل تجهیزات حفاظت فردی					', 'آیین نامه', 'بصری', '۱۰۰', 'بند 12-4-1-1 مبحث 12 ص 27					', 'ندارد'),
(171, 21, '2024-09-16 11:18:04', 'حصول اطمینان از جانمایی محل دیوار و ستون					', 'نقشه شاپ', 'متر', '۱۰۰', 'جدول 6-3-3 ص 359 نشریه 55					', 'ندارد'),
(172, 21, '2024-09-16 11:18:04', 'کنترل میلگردهای اصلی (نوع، سایز، طول، خم، فواصل و تعداد)					', 'نقشه شاپ', 'متر', '۱۰۰', 'دمای هوا بیشتر از 5- هنگام خم میلگرد/ جدول 9-21-1 ص421 و جدول 9-21-2 ص 423 نشریه 55					 					', 'ندارد'),
(173, 21, '2024-09-16 11:18:04', 'کنترل شکل، سایز، تعداد، فاصله خاموت و سنجاقی مطابق جزئیات اجرایی					', 'نقشه شاپ', 'ندارد', '۱۰۰', 'جدول 5-11-11-1 ص 349 نشریه 55					', 'ندارد'),
(174, 21, '2024-09-16 11:18:04', 'کنترل فاصله میلگردها با قالب و تعداد و اندازه Spacer ها (رعایت کاور)					', 'آیین نامه', 'متر', '۱۰۰', 'بند 2-5-3-1 ص 35 نشریه 55					', 'ندارد'),
(175, 21, '2024-09-16 11:18:04', 'نظافت میلگرد برای عملیات بتن ریزی					', 'آیین نامه', 'بصری', '۱۰۰', 'بند 9-21-4 مبحث 9 ص 439 الی 441 مبحث 9					', 'ندارد'),
(176, 21, '2024-09-16 11:18:04', 'نظافت میلگرد برای عملیات بتن ریزی					', 'نقشه شاپ', 'متر', '۱۰۰', 'ندارد', 'ندارد'),
(177, 21, '2024-09-16 11:18:04', 'کنترل دستگاههای فعال (شامل خم، برش، خاموت زن و...)					', 'نقشه تجهیز', 'بصری', '۱۰۰', 'ندارد', 'ندارد'),
(178, 21, '2024-09-16 11:18:04', 'کنترل پلیت و کوپلر مدفون					', 'نقشه ', 'بصری', '۱۰۰', 'ندارد', 'ندارد'),
(179, 21, '2024-09-16 11:18:04', 'کنترل همبندی ارتینگ ستون و دیوار					', 'نقشه ', 'بصری', '۱۰۰', 'ندارد', 'ندارد'),
(180, 21, '2024-09-16 11:18:04', 'کنترل نصب کپ میلگرد					', 'نقشه ', 'بصری', '۱۰۰', 'بند 12-3-6 مبحث 12 ص 25					', 'ندارد'),
(181, 21, '2024-09-16 11:18:04', 'کنترل روشنایی محل کار					', 'آیین نامه', 'بصری', '۱۰۰', 'بند 12-7-2-4 مبحث 12 ص 50					', 'ندارد'),
(182, 21, '2024-09-16 11:18:04', 'کنترل داربست ایمن و تخته ریزی و نصب تگ سبز					', 'آیین نامه', 'بصری', '۱۰۰', 'مندرجات قرارداد					', 'ندارد'),
(183, 21, '2024-09-16 11:18:04', 'کنترل نظافت محیط و سکو کار					', 'قرارداد', 'بصری', '۱۰۰', 'ندارد', 'ندارد'),
(184, 22, '2024-09-16 11:29:06', 'کنترل میلگردهای همبندی نصب شده					', 'نقشه الکتریکال	', 'بصری', '۱۰۰', 'بند 1-2-3 ص 4 دستورالعمل طرح و اجرای همبندی در ساختمان‌ها					', 'ندارد'),
(185, 22, '2024-09-16 11:29:06', 'کنترل اتصال میلگردهای همبندی به هم					', 'دستورالعمل', 'بصری', '۱۰۰', 'بند 1-2-3-5 ص 5 و تصویر ص 6 دستورالعمل طرح و اجرای همبندی در ساختمان‌ها					', 'ندارد'),
(186, 22, '2024-09-16 11:29:06', 'کنترل ابعاد و محل نصب قطعه اتصال					', 'دستورالعمل', 'بصری', '۱۰۰', 'بند 1-2-4-4 ص 9 و تصویر ص 11 دستورالعمل طرح و اجرای همبندی در ساختمان‌ها					', 'ندارد'),
(187, 22, '2024-09-16 11:29:06', 'کنترل همبندی پیرامون چهارچوب راه‌پله و آسانسور					', 'دستورالعمل', 'بصری', '۱۰۰', 'بند 1-2-2-1 ص 3 دستورالعمل طرح و اجرای همبندی در ساختمان‌ها					', 'ندارد'),
(188, 22, '2024-09-16 11:29:06', 'کنترل همبندی در سقف خرپشته و موتورخانه آسانسور					', 'دستورالعمل', 'بصری', '۱۰۰', 'بند 1-2-2-1 ص 3 دستورالعمل طرح و اجرای همبندی در ساختمان‌ها					', 'ندارد'),
(189, 22, '2024-09-16 11:29:06', 'کنترل همبندی در سطح فوقانی فونداسیون					', 'دستورالعمل', 'بصری', '۱۰۰', 'تصویر 1-5-1 ص 16 دستورالعمل طرح و اجرای همبندی در ساختمان‌ها					', 'ندارد'),
(190, 22, '2024-09-16 11:29:06', 'کنترل همبندی در سطح فوقانی سقف دال					', 'دستورالعمل', 'بصری', '۱۰۰', 'تصویر 1-5-3 ص 17 دستورالعمل طرح و اجرای همبندی در ساختمان‌ها					', 'ندارد'),
(191, 22, '2024-09-16 11:29:06', 'کنترل همبندی در سطح فوقانی سقف بام					', 'دستورالعمل', 'بصری', '۱۰۰', 'تصویر 1-5-3 ص 19 دستورالعمل طرح و اجرای همبندی در ساختمان‌ها					', 'ندارد'),
(192, 22, '2024-09-16 11:29:06', 'کنترل نظافت محیط و سکو کار					', 'قرارداد', 'بصری', '۱۰۰', 'مندرجات قرارداد', 'ندارد'),
(193, 23, '2024-09-16 11:35:18', 'ابعاد قالب‌بندی ستون‌ها					', 'مقررات ملی	', 'نقشه برداری', '۱۰۰', 'جدول 6-3-3 ص 359 نشریه 55					', 'ندارد'),
(194, 23, '2024-09-16 11:35:18', 'ابعاد قالب‌بندی دیوار‌ها					', 'مقررات ملی', 'نقشه برداری', '۱۰۰', 'جدول 6-3-3 ص 359 نشریه 55					', 'ندارد'),
(195, 23, '2024-09-16 11:35:18', 'راستا و گونیایی کنج‌ها					', 'مقررات ملی', 'تراز لیزری', '‍۰۰', 'جدول 6-3-3 ص 359 نشریه 55					', 'ندارد'),
(196, 23, '2024-09-16 11:35:18', 'پشت‌بند‌ها و مهار‌بندها و درزبندی قالب‌ها					', 'نقشه شاپ', 'بصری - متر', '۱۰۰', 'ندارد', 'ندارد'),
(197, 23, '2024-09-16 11:35:18', 'پاک‌سازی و روغن‌کاری قالب‌ها					', 'نقشه شاپ', 'بصری - متر', '۱۰۰', 'ندارد', 'ندارد'),
(198, 23, '2024-09-16 11:35:18', 'ارتفاع قالب‌ها					', 'نقشه شاپ', 'متر', '۱۰۰', 'ندارد', 'ندارد'),
(199, 23, '2024-09-16 11:35:18', 'شاقول بودن قالب‌ها					', 'مقررات ملی	', 'نقشه برداری', '۱۰۰', 'جدول 6-3-3 ص 359 نشریه 55					', 'ندارد'),
(200, 23, '2024-09-16 11:35:18', 'کیفیت لوازم قالب‌بندی					', 'قرارداد', 'بصری - متر', '۱۰۰', 'ندارد', 'ندارد'),
(201, 23, '2024-09-16 11:35:18', 'فاصله میلگرد‌ها با قالب					', 'مقررات ملی', 'نقشه برداری', '۱۰۰', 'جدول 5-11-11-1 ص 349 نشریه 55					', 'ندارد'),
(202, 23, '2024-09-16 11:35:18', 'کنترل مشخص کردن تراز بتن‌ریزی روی قالب					', 'نقشه', 'نقشه برداری', '۱۰۰', 'ندارد', 'ندارد'),
(203, 23, '2024-09-16 11:35:18', 'کنترل نظافت محیط و سکو کار					', 'قرارداد', 'بصری', '۱۰۰', 'مندرجات قرارداد', 'ندارد'),
(204, 23, '2024-09-16 11:35:18', 'کنترل روشنایی محل کار					', 'آیین نامه', 'بصری', '۱۰۰', 'بند 12-3-6-1 ص 25 مبحث 12					', 'ندارد'),
(205, 23, '2024-09-16 11:35:18', 'کنترل داربست ایمن و تخته ریزی و نصب تگ سبز					', 'آیین نامه', 'بصری', '۱۰۰', 'بند 12-7-2-4 ص 50 مبحث 12					', 'ندارد'),
(206, 23, '2024-09-16 11:35:18', 'آب پاشی محل بتن‌ریزی / جمع آوری آب اضافه موجود در قالب					', 'آیین نامه', 'بصری', '۱۰۰', 'بند 9-22-5-2-1 ص 463 مبحث 9					', 'ندارد'),
(207, 23, '2024-09-16 11:35:18', 'کنترل محل بازشو جهت لوله اتصال به سپتیک (اگو)					', 'نقشه شاپ', 'نقشه برداری', '۱۰۰', 'ندارد', 'ندارد'),
(208, 24, '2024-09-16 11:41:21', 'کنترل مقدار و عیار بتن مصرفی با توجه به درخواست پیمانکار و نقشه					', 'نقشه شاپ	', 'متره برآورد', '۱۰۰', 'ندارد', 'ندارد'),
(209, 24, '2024-09-16 11:41:21', 'کنترل دما و در صورت نیاز تمهیدات لازم جهت حفاظت بتن و عمل‌آوری					', 'مقررات ملی	', 'دماسنج	', '۱۰۰', 'بند 9-22-5 ص463 و ص 465 مبحث 9					', '5°-38°	'),
(210, 24, '2024-09-16 11:41:21', 'رعایت زمان بارگذاری مطابق دستورالعمل					', 'ایین نامه	', 'ساعت	', '۱۰۰', 'آرماتوربندی دیوار و ستون بعد از 3 الی 4روز-بتن ریزی بعد از 1 هفته					', 'ندارد'),
(211, 24, '2024-09-16 11:41:21', 'کنترل زمان بارگیری تا تخلیه بتن					', 'بارنامه	', 'بصری', '۱۰۰', 'بند 5-6-2 ص297 نشریه 55					', '<1/5 h	'),
(212, 24, '2024-09-16 11:41:21', 'کنترل اسلامپ بتن					', 'مقررات ملی	', 'لوازم آزمایشگاهی	', '۱۰۰', 'جدول 5-3-2-1 ص 271 نشریه 55					', 'ندارد'),
(213, 24, '2024-09-16 11:41:21', 'کنترل نمونه برداری به تعداد لازم					', 'آیین نامه	', 'بصری	', '۱۰۰', 'بند 5-10-4-1 نشریه 55 ص 336 و 337					', 'ندارد'),
(214, 24, '2024-09-16 11:41:21', 'کنترل نحوه تخلیه بتن					', 'مقررات ملی	', 'بصری	', '۱۰۰', 'بند 9-22-5-2-1 ص463 و 464 مبحث 9					', 'ندارد'),
(215, 24, '2024-09-16 11:41:21', 'کنترل دستگاه ویبره و  اجرای ویبره مطابق دستورالعمل					', 'آیین نامه	', 'بصری	', '۱۰۰', 'بند 5-7-10-3 ص315 تا ص317 نشریه 55					', 'ندارد'),
(216, 24, '2024-09-16 11:41:21', 'کنترل محور درز انبساط مطابق نقشه در صورت وجود					', 'نقشه	', 'دوربین نقشه برداری	', '۱۰۰', 'ندارد', 'ندارد'),
(217, 24, '2024-09-16 11:41:21', 'حفاظت از بتن اجراشده مطابق اقلیم و دستورالعمل					', 'آیین نامه	', 'بصری	', '۱۰۰', 'بند 9-22-5-3 ص 465 مبحث 9					', 'ندارد'),
(218, 24, '2024-09-16 11:41:21', 'کنترل داربست ایمن و تخته ریزی و نصب تگ سبز					', 'آیین نامه	', 'بصری	', '۱۰۰', 'بند 12-7-2-4 مبحث 12 ص 50					', 'ندارد'),
(219, 24, '2024-09-16 11:41:21', 'کنترل نظافت سکوی کار و محیط کار					', 'قرارداد	', 'بصری	', '۱۰۰', 'مندرجات قراداد					', 'ندارد'),
(220, 24, '2024-09-16 11:41:21', 'کنترل روشنایی محل کار					', 'آیین نامه	', 'بصری	', '۱۰۰', 'بند 12-3-6 مبحث 12 ص 25					', 'ندارد'),
(221, 24, '2024-09-16 11:41:21', 'کنترل ایمنی ترافیکی					', 'آیین نامه	', 'بصری	', '۱۰۰', 'بند 12-2-2-2 صفحه 12 مبحث 12					', 'ندارد'),
(222, 24, '2024-09-16 11:41:21', 'کنترل ایمنی تجهیزات جهت شاقول کردن و قالب‌برداری					', 'آیین نامه	', 'بصری	', '۱۰۰', 'ندارد', 'ندارد'),
(223, 25, '2024-09-16 11:43:25', 'کنترل سطح مقاطع بتن‌ریزی شده					', 'آیین نامه', 'بصری', '۱۰۰', 'ندارد', 'ندارد'),
(224, 25, '2024-09-16 11:43:25', 'کنترل زمان عمل‌آوری بتن					', 'آیین نامه', 'بصری', '۱۰۰', 'بند 9-22-5-3 ص 465 مبحث 9					', 'ندارد'),
(225, 25, '2024-09-16 11:43:25', 'رعایت زمان قالب‌برداری					', 'آیین نامه', 'بصری', '۱۰۰', 'جدول 6-3-6 (الف) ص360 نشریه 55					', 'ندارد'),
(226, 25, '2024-09-16 11:43:25', 'بریدن و جمع آوری میلگردهای مهاری جک در صورت عدم نیاز					', 'قرارداد', 'بصری', '۱۰۰', 'ندارد', 'ندارد'),
(227, 25, '2024-09-16 11:43:25', 'کنترل نظافت محیط کار و لبه پرتگاه ها					', 'قرارداد', 'بصری', '۱۰۰', 'مندرجات قرارداد', 'ندارد'),
(228, 25, '2024-09-16 11:43:25', 'کنترل داربست ایمن و تخته ریزی و نصب تگ سبز					', 'آیین نامه', 'بصری', '۱۰۰', 'بند 12-7-2-3 مبحث 12 صفحه 50					', 'ندارد'),
(229, 26, '2024-09-16 11:47:46', 'ابعاد قالب‌بندی تیرها					', 'نقشه', 'نقشه برداری', '۱۰۰', 'جدول 6-3-3 ص 359 نشریه 55					', 'ندارد'),
(230, 26, '2024-09-16 11:47:46', 'راستا و گونیایی کنج‌ها					', 'نقشه', 'تراز لیزری', '۱۰۰', 'جدول 6-3-3 ص 359 نشریه 55					', 'ندارد'),
(231, 26, '2024-09-16 11:47:46', 'فاصله جک‌ها و پایه‌های اطمینان					', 'آیین نامه', 'متر	', '۱۰۰', 'بند 6-3-2 ص 358 نشریه 55					', 'ندارد'),
(232, 26, '2024-09-16 11:47:46', 'پشت‌بند‌ها و مهار‌بندها و درزبندی قالب‌ها					', 'آیین نامه', 'بصری	', '۱۰۰', 'ندارد', 'ندارد'),
(233, 26, '2024-09-16 11:47:46', 'پاک‌سازی و روغن‌کاری قالب‌ها					', 'قرارداد', 'بصری	', '۱۰۰', 'ندارد', 'ندارد'),
(234, 26, '2024-09-16 11:47:46', 'کنترل خیز منفی زیر تیر					', 'نقشه', 'نقشه برداری	', '۱۰۰', 'جدول 9-19-3 ص 341 مبحث 9					', 'ندارد'),
(235, 26, '2024-09-16 11:47:46', 'کیفیت لوازم قالب‌بندی					', 'قرارداد', 'بصری	', '۱۰۰', 'ندارد', 'ندارد'),
(236, 26, '2024-09-16 11:47:46', 'فاصله میلگرد‌ها با قالب					', 'مقررات ملی', 'نقشه برداری	', '۱۰۰', 'جدول 5-11-11-1 ص 349 نشریه 55					', 'ندارد'),
(237, 26, '2024-09-16 11:47:46', 'تراز ارتفاعی کف تیر ها					', 'نقشه	', 'نقشه برداری	', '۱۰۰', 'جدول 6-3-3 ص 359 نشریه 55					', 'ندارد'),
(238, 26, '2024-09-16 11:47:46', 'کنترل نظافت محیط کار و لبه پرتگاه ها					', 'قرارداد	', 'بصری	', '۱۰۰', 'مندرجات قرارداد					', 'ندارد'),
(239, 26, '2024-09-16 11:47:46', 'کنترل حفاظ گذاری مناطق پرتگاهی					', 'آیین نامه	', 'بصری', '۱۰۰', 'بند 12-5-6-1 مبحث 12 ص 35					', 'ندارد'),
(240, 26, '2024-09-16 11:47:46', 'کنترل داربست ایمنی و تخته ریزی و نصب تگ سبز					', 'آیین نامه	', 'بصری', '۱۰۰', 'یند 12-7-2-3 مبحث 12 ص50					', 'ندارد'),
(241, 26, '2024-09-16 11:47:46', 'کنترل روشنایی محل کار					', 'آیین نامه	', 'بصری', '۱۰۰', 'بند 12-3-6-1 ص 25 مبحث 12					', 'ندارد'),
(242, 27, '2024-09-16 11:52:27', 'کنترل میلگردهای اصلی(نوع، سایز، طول، خم، فواصل و تعداد)					', 'نقشه شاپ	', 'متر	', '۱۰۰', 'دمای هوا بیشتر از 5- هنگام خم میلگرد/ جـــــــدول 9-21-1 ص 421 و جـــــــدول 9-21-2 ص 423 نشریه 55					 					', 'ندارد'),
(243, 27, '2024-09-16 11:52:27', 'کنترل شکل، سایز، تعداد، فاصله خاموت و سنجاقی مطابق جزئیات اجرایی					', 'نقشه شاپ	', 'متر', '۱۰۰', 'جدول 5-11-11-1 ص 349 نشریه 55					', '-+12 mm	'),
(244, 27, '2024-09-16 11:52:27', 'کنترل فاصله میلگردها با قالب و تعداد و اندازه Spacer ها (رعایت کاور)					', 'ایین نامه	', 'متر', '۱۰۰', 'بند 2-5-3-1 ص 35 نشریه 55					', 'ندارد'),
(245, 27, '2024-09-16 11:52:27', 'نظافت میلگرد برای عملیات بتن ریزی					', 'ایین نامه	', 'بصری	', '۱۰۰', 'بند 9-21-4 مبحث 9 ص 439 الی 441 مبحث 9					', 'ندارد'),
(246, 27, '2024-09-16 11:52:27', 'کنترل Overlap میلگردها 					', 'نقشه شاپ', 'متر', '۱۰۰', 'ندارد', 'ندارد'),
(247, 27, '2024-09-16 11:52:27', 'کنترل دستگاههای فعال(شامل خم، برش، خاموت زن و...)					', 'نقشه تجهیز', 'بصری	', '۱۰۰', 'مندرجات قرارداد					', 'ندارد'),
(248, 27, '2024-09-16 11:52:27', 'کنترل نظافت محیط و سکو کار					', 'قرارداد	', 'بصری	', '۱۰۰', 'مندرجات قرارداد					', 'ندارد'),
(249, 27, '2024-09-16 11:52:27', 'کنترل جانمایی پلیت‌های نصب حفاظ پیرامونی					', 'آیین نامه	', 'بصری	', '۱۰۰', 'بند 12-3-6 مبحث 12 ص 25					', 'ندارد'),
(250, 27, '2024-09-16 11:52:27', 'کنترل روشنایی محل کار					', 'آیین نامه	', 'بصری	', '۱۰۰', 'بند 12-7-2-4 مبحث 12 ص 50					', 'ندارد'),
(251, 27, '2024-09-16 11:52:27', 'کنترل داربست ایمن و تخته ریزی و نصب تگ سبز					', 'آیین نامه	', 'بصری	', '۱۰۰', 'بند 12-5-6-1 مبحث 12 ص 35					', 'ندارد'),
(252, 27, '2024-09-16 11:52:27', 'کنترل حفاظ گذاری مناطق پرتگاهی					', 'آیین نامه	', 'بصری	', '۱۰۰', 'بند 12-4-1-1 مبحث 12 ص 27					', 'ندارد'),
(253, 27, '2024-09-16 11:52:27', 'کنترل تجهیزات حفاظت فردی					', 'آیین نامه	', 'بصری	', '۱۰۰', '', 'ندارد'),
(254, 28, '2024-09-16 11:57:33', 'ابعاد قالب‌بندی تیرها					', 'نقشه	', 'نقشه برداری	', '۱۰۰', 'جدول 6-3-3 ص 359 نشریه 55					', 'ندارد'),
(255, 28, '2024-09-16 11:57:33', 'راستا و گونیایی کنج‌ها					', 'نقشه	', 'تراز لیزری	', '۱۰۰', 'جدول 6-3-3 ص 359 نشریه 55					', 'ندارد'),
(256, 28, '2024-09-16 11:57:33', 'فاصله جک‌ها و پایه‌های اطمینان					', 'آیین نامه', 'متر	', '۱۰۰', 'بند 6-3-2 ص 358 نشریه 55					', 'ندارد'),
(257, 28, '2024-09-16 11:57:33', 'پشت‌بند‌ها و مهار‌بندها و درزبندی قالب‌ها					', 'آیین نامه', 'بصری	', '۱۰۰', 'ندارد', 'ندارد'),
(258, 28, '2024-09-16 11:57:33', 'پاک‌سازی و روغن‌کاری قالب‌ها					', 'قرارداد	', 'بصری	', '۱۰۰', 'ندارد', 'ندارد'),
(259, 28, '2024-09-16 11:57:33', 'شاقول بودن قالب‌ها					', 'مقررات ملی	', 'نقشه برداری	', '۱۰۰', 'جدول 6-3-3 ص 359 نشریه 55					', 'ندارد'),
(260, 28, '2024-09-16 11:57:33', 'کیفیت لوازم قالب‌بندی					', 'قرارداد	', 'بصری	', '۱۰۰', 'ندارد', 'ندارد'),
(261, 28, '2024-09-16 11:57:33', 'فاصله میلگرد‌ها با قالب					', 'مقررات ملی	', 'نقشه برداری	', '۱۰۰', 'جدول 5-11-11-1 ص 349 نشریه 55					', 'ندارد'),
(262, 28, '2024-09-16 11:57:33', 'تراز ارتفاعی کف تیر‌ها و دال سقف					', 'نقشه	', 'نقشه برداری	', '۱۰۰', 'جدول 6-3-3 ص 359 نشریه 55					', 'ندارد'),
(263, 28, '2024-09-16 11:57:33', 'کنترل نظافت محیط کار و لبه پرتگاه ها					', 'قرارداد	', 'بصری', '۱۰۰', 'مندرجات قرارداد', 'ندارد'),
(264, 28, '2024-09-16 11:57:33', 'کنترل پوشش Opening و داکت ها					', 'آیین نامه	', 'بصری', '۱۰۰', 'بند 12-5-6-2 مبحث 12 ص 35					', 'ندارد'),
(265, 28, '2024-09-16 11:57:33', 'کنترل حفاظ گذاری مناطق پرتگاهی					', 'آیین نامه	', 'بصری', '۱۰۰', 'بند 12-5-6-1 مبحث 12 ص 35					', 'ندارد'),
(266, 28, '2024-09-16 11:57:33', 'کنترل روشنایی محل کار					', 'آیین نامه	', 'بصری', '۱۰۰', 'بند 12-3-6-1 مبحث 12 ص 25					', 'ندارد'),
(267, 28, '2024-09-16 11:57:33', 'کنترل تجهیزات حفاظت فردی					', 'آیین نامه	', 'بصری', '۱۰۰', 'بند 12-4-1-1 مبحث 12 ص 27					', 'ندارد'),
(268, 28, '2024-09-16 11:57:33', 'کنترل ایمنی مسیر تردد و رفع معارض					', 'آیین نامه	', 'بصری', '۱۰۰', 'بند 12-7-5 مبحث 12 ص 54 					', 'ندارد'),
(269, 29, '2024-09-16 12:03:46', 'کنترل میلگردهای اصلی(نوع، سایز، طول، خم، فواصل و تعداد)					', 'نقشه شاپ	', 'متر	', '۱۰۰', '', 'ندارد'),
(270, 29, '2024-09-16 12:03:46', 'کنترل فاصله میلگردها با قالب و تعداد و اندازه Spacer ها (رعایت کاور)					', 'آیین نامه	', 'متر	', '۱۰۰', 'جدول 5-11-11-1 ص 349 نشریه 55					', 'ندارد'),
(271, 29, '2024-09-16 12:03:46', 'نظافت میلگرد برای عملیات بتن ریزی					', 'آیین نامه	', 'بصری	', '۱۰۰', 'بند 2-5-3-1 ص 35 نشریه 55					', 'ندارد'),
(272, 29, '2024-09-16 12:03:46', 'کنترل Overlap میلگردها 					', 'نقشه شاپ	', 'متر	', '۱۰۰', 'بند 9-21-4 مبحث 9 ص 439 الی 441 مبحث 9					', 'ندارد'),
(273, 29, '2024-09-16 12:03:46', 'کنترل دستگاههای فعال(شامل خم، برش، خاموت زن و...)					', 'نقشه تجهیز	', 'بصری	', '۱۰۰', 'ندارد', 'ندارد'),
(274, 29, '2024-09-16 12:03:46', 'کنترل میلگردهای تقویتی					', 'نقشه	', 'بصری-متر	', '۱۰۰', 'ندارد', 'ندارد'),
(275, 29, '2024-09-16 12:03:46', 'کنترل آرماتورهای تیرهای مخفی و آویزها					', 'نقشه	', 'بصری-متر	', '۱۰۰', 'ندارد', 'ندارد'),
(276, 29, '2024-09-16 12:03:46', 'کنترل ریشه های انتظار					', 'شاپ	', 'متر	', '۱۰۰', 'ندارد', 'ندارد'),
(277, 29, '2024-09-16 12:03:46', 'کنترل محل Opening و داکت ها					', 'نقشه	', 'بصری	', '۱۰۰', 'نداردب', 'ندارد'),
(278, 29, '2024-09-16 12:03:46', 'کنترل تجهیزات حفاظت فردی					', 'آیین نامه	', 'بصری	', '۱۰۰', 'ند 12-4-1-1 مبحث 12 ص 27					', 'ندارد'),
(279, 29, '2024-09-16 12:03:46', 'کنترل ایمنی مسیر تردد					', 'آیین نامه	', 'بصری	', '۱۰۰', 'بند 12-7-5 مبحث 12 ص 54 					', 'ندارد'),
(280, 29, '2024-09-16 12:03:46', 'کنترل حفاظ گذاری مناطق پرتگاهی					', 'آیین نامه	', 'بصری	', '۱۰۰', 'بند 12-5-6-1 مبحث 12 ص 35					', 'ندارد'),
(281, 29, '2024-09-16 12:03:46', 'کنترل نظافت محیط کار و سکو کار					', 'قرارداد', 'بصری	', '۱۰۰', 'مندرجات قرارداد					', 'ندارد'),
(282, 29, '2024-09-16 12:03:46', 'کنترل پوشش Opening و داکت ها					', 'آیین نامه	', 'بصری	', '۱۰۰', 'بند 12-5-6-2 مبحث 12 ص 35					', 'ندارد'),
(283, 30, '2024-09-16 12:10:54', 'کنترل عیار و مقدار بتن مصرفی با توجه به درخواست پیمانکار و نقشه					', 'نقشه شاپ	', 'متره برآورد	', '۱۰۰', 'ندارد', 'ندارد'),
(284, 30, '2024-09-16 12:10:54', 'کنترل دما و در صورت نیاز تمهیدات لازم جهت حفاظت بتن و عمل آوری					', 'مقررات ملی	', 'دماسنج	', '۱۰۰', 'بند 9-22-5 ص463 و ص 465 مبحث 9					', '5°-38°	'),
(285, 30, '2024-09-16 12:10:54', 'رعایت زمان بارگذاری مطابق دستورالعمل					', 'آیین نامه	', 'تقویم	', '۱۰۰', 'ندارد', 'ندارد'),
(286, 30, '2024-09-16 12:10:54', 'کنترل زمان بارگیری تا تخلیه بتن					', 'بارنامه	', 'بصری	', '۱۰۰', 'ندارد', '<1/5 h	'),
(287, 30, '2024-09-16 12:10:54', 'کنترل اسلامپ بتن					', 'مقررات ملی	', 'لوازم آزمایشگاهی	', '۱۰۰', 'جدول 5-3-2-1 ص 271 نشریه 55					', '40-100 mm	'),
(288, 30, '2024-09-16 12:10:54', 'کنترل نمونه برداری به تعداد لازم					', 'آیین نامه	', 'بصری	', '۱۰۰', 'بند 5-10-4-1 نشریه 55 ص 336 و 337					', 'ندارد'),
(289, 30, '2024-09-16 12:10:54', 'کنترل نحوه تخلیه بتن					', 'مقررات ملی	', 'بصری	', '۱۰۰', 'بند 9-22-5-2-1 ص464- 463 مبحث 9					', 'ندارد'),
(290, 30, '2024-09-16 12:10:54', 'کنترل دستگاه ویبره و  اجرای ویبره مطابق دستورالعمل					', 'آیین نامه	', 'بصری	', '۱۰۰', 'بند 5-10-7-3 ص315 تا ص317 نشریه 55					', 'ندارد'),
(291, 30, '2024-09-16 12:10:54', 'رعایت محل و شکل هندسی قطع بتن مطابق دستورالعمل					', 'مقررات ملی	', 'بصری	', '۱۰۰', 'بند 5-7-5 ص 303 و 304 نشریه 55					', 'ندارد'),
(292, 30, '2024-09-16 12:10:54', 'حفاظت از بتن اجراشده مطابق اقلیم و دستورالعمل					', 'آیین نامه	', 'بصری	', '۱۰۰', 'بند 9-22-5-3 ص 465 مبحث 9					', 'ندارد'),
(293, 30, '2024-09-16 12:10:54', 'کنترل شاخص‌های نقشه برداری هم زمان با بتن ریزی					', 'نقشه شاپ	', 'نقشه بردار	', '۱۰۰', 'ندارد', 'نداردندارد'),
(294, 30, '2024-09-16 12:10:54', 'کنترل نظافت محیط کار و لبه پرتگاه‌ها					', 'آیین نامه	', 'بصری	', '۱۰۰', 'مندرجات قرارداد					', 'ندارد'),
(295, 30, '2024-09-16 12:10:54', 'کنترل روشنایی محل کار					', 'آیین نامه	', 'بصری	', '۱۰۰', 'بند 12-3-6 مبحث 12 ص 25					', 'ندارد'),
(296, 30, '2024-09-16 12:10:54', 'کنترل حفاظ گذاری مناطق پرتگاهی					', 'آیین نامه	', 'بصری	', '۱۰۰', 'بند 12-5-6-1 مبحث 12 ص 35					', 'ندارد'),
(297, 30, '2024-09-16 12:10:54', 'کنترل ایمنی مسیر تردد و تجهیزات حفاظت فردی					', 'آیین نامه	', 'بصری	', '۱۰۰', 'بند 12-7-5 مبحث 12 ص 54 و ص 55					', 'ندارد'),
(298, 31, '2024-09-16 12:12:52', 'کنترل سطح مقاطع بتن ریزی شده					', 'آیین نامه	', 'بصری	', '۱۰۰', 'ندارد', 'ندارد'),
(299, 31, '2024-09-16 12:12:52', 'کنترل زمان عمل آوری بتن					', 'آیین نامه	', 'بصری	', '۱۰۰', 'بند 9-22-5-3 ص 465 مبحث 9					', 'ندارد'),
(300, 31, '2024-09-16 12:12:52', 'رعایت زمان قالب برداری					', 'آیین نامه	', 'بصری	', '۱۰۰', 'جدول 6-3-6 (الف) ص360 نشریه 55					', 'ندارد'),
(301, 31, '2024-09-16 12:12:52', 'کنترل نظافت محیط کار و لبه پرتگاه ها					', 'آیین نامه	', 'بصری	', '۱۰۰', 'مندرجات قرارداد					', 'ندارد'),
(302, 31, '2024-09-16 12:12:52', 'کنترل پوشش Opening و داکتها					', 'آیین نامه	', 'بصری	', '۱۰۰', 'بند 12-5-6-2 مبحث 12 ص 35					', 'ندارد'),
(303, 31, '2024-09-16 12:12:52', 'کنترل داربست ایمن و تخته ریزی و نصب تگ سبز					', 'آیین نامه	', 'ندارد', 'ندارد', 'بند 12-7-2-3 مبحث 12 صفحه 50					', 'ندارد'),
(304, 32, '2024-09-16 12:16:07', 'کنترل ابعاد دهانه چاه					', 'نقشه	', 'متر	', '۱۰۰', 'بند 22-2-1 ص 638 نشریه 55					', 'ندارد'),
(305, 32, '2024-09-16 12:16:07', 'کنترل شاقولی میله چاه					', 'آیین نامه	', 'شاقول	', '۱۰۰', 'بند 22-2-1 ص 638 نشریه 55					', 'ندارد'),
(306, 32, '2024-09-16 12:16:07', 'کنترل عمق میله چاه					', 'نقشه	', 'متر', '۱۰۰', 'بند 22-2-1 ص 638 نشریه 55					', 'ندارد'),
(307, 32, '2024-09-16 12:16:07', 'کنترل ابعاد انبار چاه					', 'نقشه	', 'متر	', '۱۰۰', 'بند 22-2-2 ص 638 نشریه 55					', 'ندارد'),
(308, 32, '2024-09-16 12:16:07', 'کنترل تراز بودن کف انبار چاه					', 'آیین نامه	', 'تراز	', '۱۰۰', 'بند 22-2-2 ص 638 نشریه 55					', 'ندارد'),
(309, 32, '2024-09-16 12:16:07', 'کنترل طوقه‌چینی و گلدانی سر چاه					', 'آیین نامه	', 'بصری	', '۱۰۰', 'بند 22-2-3 ص 639 نشریه 55					', 'ندارد'),
(310, 32, '2024-09-16 12:16:07', 'کنترل نظافت محیط کار و لبه پرتگاه ها					', 'قرارداد	', 'بصری	', '۱۰۰', 'مندرجات قرارداد					', 'ندارد'),
(311, 33, '2024-09-16 12:34:15', 'کنترل ابعاد و ضخامت ورق					', 'نقشه', 'متر	', 'ندارد', '', 'ندارد'),
(312, 33, '2024-09-16 12:34:15', 'کنترل جوش					', 'نقشه', 'ست PT	', 'ندارد', '', 'ندارد'),
(313, 33, '2024-09-16 12:34:15', 'کنترل محل نصب					', 'نقشه شاپ', 'متر	', 'ندارد', '', 'ندارد'),
(314, 33, '2024-09-16 12:34:15', 'کنترل سایز و محل نصب نبشی‌ها					', 'نقشه شاپ', 'متر	', 'ندارد', '', 'ندارد'),
(315, 33, '2024-09-16 12:34:15', 'کنترل محل نصب تسمه‌های فولادی					', 'نقشه شاپ', 'متر	', 'ندارد', '', 'ندارد'),
(316, 33, '2024-09-16 12:34:15', 'کنترل سایز و عمق و محل سوراخ کاری سازه بتنی					', 'نقشه شاپ', 'متر	', 'ندارد', '', 'ندارد'),
(317, 33, '2024-09-16 12:34:15', 'کنترل نوع، سایز و طول راد					', 'نقشه شاپ', 'متر-کولیس	', 'ندارد', '', 'ندارد'),
(318, 33, '2024-09-16 12:34:15', 'کنترل نظافت و پاکسازی داخلی سوراخ محل کاشت					', 'دستورالعمل', 'بصری	', 'ندارد', 'انجام فرچه کشی و باد گیری							', 'ندارد'),
(319, 33, '2024-09-16 12:34:15', 'کنترل میزان چسب مصرفی با توجه به محل کاشت					', 'دستورالعمل', 'بصری	', 'ندارد', ' %75عمق سوراخ							', 'ندارد'),
(320, 33, '2024-09-16 12:34:15', 'کنترل محافظت و عمل آوری چسب پس از اجرا					', 'نقشه', 'متر', 'ندارد', 'سپری شدن حداقل 24 ساعت							', 'ندارد'),
(321, 33, '2024-09-16 12:34:15', 'کنترل سایز و نوع و محل نصب پیچ و مهره و بولت					', 'نقشه شاپ', 'متر', 'ندارد', '', 'ندارد'),
(322, 33, '2024-09-16 12:34:15', 'کنترل فاصله بین ستون بتنی و ورق فولادی					', 'نقشه', 'متر', 'ندارد', '', 'ندارد'),
(323, 33, '2024-09-16 12:34:15', 'گنترل میزان ترک‌زنی  مهره‌ها					', 'نقشه', 'ترک متر	', 'ندارد', '', 'ندارد'),
(324, 33, '2024-09-16 12:34:15', 'کنترل اتصال میلگردهای مقاوم‌سازی به میلگردهای اصلی					', 'نقشه', 'متر و بصری	', 'ندارد', '', 'ندارد'),
(325, 33, '2024-09-16 12:34:15', 'کنترل طرح اختلاط گروت و گروت ریزی					', 'نقشه', 'بصری	', 'ندارد', '', 'ندارد'),
(326, 34, '2024-09-16 12:47:23', 'کنترل فولاد مصرفی با رده فولاد					', 'نقشه سازه	', 'آزمایش متالوژی	', 'ندارد', 'ندارد', 'ندارد'),
(327, 34, '2024-09-16 12:47:23', 'کنترل نوع الکترود مصرفی					', 'نقشه شاپ	', 'بصری	', 'ندارد', 'بند 10-4-4-4 مبحث 10 ص 261					', 'ندارد'),
(328, 34, '2024-09-16 12:47:23', 'کنترل رواداری ناهمواری سطح برش					', 'نقشه شاپ	', 'کولیس	', 'ندارد', 'بند 10-4-4-2 مبحث 10 ص 259					', '3 mm	'),
(329, 34, '2024-09-16 12:47:23', 'کنترل سوراخ تعبیه شده در پایین ترین نقطه ستون جهت تخلیه آب					', 'نقشه شاپ	', 'بصری	', 'ندارد', 'ندارد', 'ندارد'),
(330, 34, '2024-09-16 12:47:23', 'کنترل جوشکاری‌ها (نوع، بعد و طول)					', 'نقشه شاپ	', 'ندارد', 'ندارد', 'ندارد', 'ندارد'),
(331, 34, '2024-09-16 12:47:23', 'کنترل رواداری‌های انحراف مجاز ساخت					', 'آیین نامه	', 'ندارد', 'ندارد', 'جداول 11-1-1 و 2 و 3 مبحث 11 ص 21 تا 23					', 'ندارد'),
(332, 34, '2024-09-16 12:47:23', 'کنترل همپوشانی و کیفیت و ضخامت رنگ					', 'آیین نامه	', 'ندارد', 'ندارد', 'بند 11-1-8-2 مبحث 11 ص 14					', 'ندارد'),
(333, 34, '2024-09-16 12:47:23', 'کنترل نحوه برش ورق با توجه به ضخامت					', 'آیین نامه	', 'بصری', 'ندارد', 'بند 10-4-4-2 مبحث 10 ص 259 					', 'ندارد'),
(334, 34, '2024-09-16 12:47:23', 'کنترل پیش گرمایش قطعات					', 'آیین نامه	', 'ترمومتر	', 'ندارد', 'بند 10-4-4-2 مبحث 10 ص 259 					', 'ندارد'),
(335, 34, '2024-09-16 12:47:23', 'کنترل مطابقت ابعاد با نقشه					', 'نقشه شاپ	', 'متر	', 'ندارد', '', 'ندارد'),
(336, 34, '2024-09-16 12:47:23', 'کنترل ترتیب و مراحل نصب قطعات					', 'آیین نامه	', 'بصری	', 'ندارد', 'بند 11-1-8-3-2 مبحث 11 ص 15					', 'ندارد'),
(337, 34, '2024-09-16 12:47:23', 'کنترل مقدار بیرون ماندن پیچ از مهره پس از محکم کردن					', 'آیین نامه	', 'متر	', 'ندارد', 'بند 11-1-8-3-16 مبحث 11 ص 16					', 'ندارد'),
(338, 34, '2024-09-16 12:47:23', 'کنترل استفاده از واشر سخت زیر پیچ و مهره					', 'آیین نامه	', 'بصری', 'ندارد', 'بندهای 11-1-8-3-17 الی 19 مبحث 11 ص 17					', 'ندارد'),
(339, 34, '2024-09-16 12:47:23', 'کنترل نحوه بستن و محکم کردن پیچ‌ها					', 'آیین نامه	', 'بصری	', 'ندارد', 'بند 10-4-4-6-2 مبحث 10 ص 264 و 265					', 'ندارد'),
(340, 34, '2024-09-16 12:47:23', 'کنترل فاصله محل جوش تا قسمت رنگ شده قطعه					', 'آیین نامه	', 'متر', 'ندارد', 'بند 10-4-5-4-چ مبحث 10 ص 271					', 'ندارد'),
(341, 34, '2024-09-16 12:47:23', 'کنترل یکنواختی ظاهری سطح رنگ					', 'آیین نامه	', 'بصری', 'ندارد', 'بند 10-4-5-4-د مبحث 10 ص 271					', 'ندارد'),
(342, 34, '2024-09-16 12:47:23', 'کنترل مسیر پیشرفت جوشکاری					', 'آیین نامه	', 'بصری', 'ندارد', 'بند 10-4-6-2-4 مبحث 10 ص 278					', 'ندارد'),
(343, 34, '2024-09-16 12:47:23', 'کنترل میزان رواداری‌های مجاز جوش					', 'آیین نامه	', 'ندارد', 'ندارد', 'بند 10-4-6-1 مبحث 10 ص 275 تا 278					', 'ندارد'),
(344, 34, '2024-09-16 12:47:23', 'کنترل میزان رواداری‌های مجاز اعوجاج و جمع شدگی					', 'آیین نامه	', 'ندارد', 'ندارد', 'بند 10-4-6-2 مبحث 10 ص 278 تا 279					', 'ندارد'),
(345, 34, '2024-09-16 12:47:23', 'کنترل میزان رواداری‌های مجاز ابعادی قطعات					', 'آیین نامه	', 'ندارد', 'ندارد', 'بند 10-4-6-3 مبحث 10 ص 279 تا 284					', 'ندارد'),
(346, 34, '2024-09-16 12:47:23', 'کنترل میزان رواداری‌های مجاز سخت کننده‌ها					', 'آیین نامه	', 'ندارد', 'ندارد', 'بند 10-4-6-5 مبحث 10 ص 284 تا 286					', 'ندارد'),
(347, 34, '2024-09-16 12:47:23', 'کنترل میزان مجاز ناشاقولی ستون‌ها					', 'آیین نامه	', 'دوربین نقشه برداری', 'ندارد', 'بند 10-4-6-7 مبحث 10 ص 288 تا 289					', 'ندارد'),
(348, 34, '2024-09-16 12:47:23', 'کنترل میزان رواداری مجاز سوراخ پیچ‌ها					', 'آیین نامه	', 'ندارد', 'ندارد', 'بند 10-4-6-8 مبحث 10 ص 289 تا 291					', 'ندارد'),
(349, 35, '2024-09-16 12:54:12', 'کنترل مقاومت مشخصه تسلیم ورق‌های عرشه					', 'استاندارد ملی	', 'آزمایش متالوژی	', 'ندارد', 'بندهای 4-1-1 و 4-1-2 استاندارد 21973 ص 3					', 'ندارد'),
(350, 35, '2024-09-16 12:54:12', 'کنترل ابعاد ورق‌های عرشه					', 'استاندارد ملی	', 'متر	', 'ندارد', 'بند 4-3 استاندارد 21973 ص 5					', 'ندارد'),
(351, 35, '2024-09-16 12:54:12', 'کنترل میزان افتادگی عرشه					', 'استاندارد ملی	', 'دوربین نقشه‌برداری	', 'ندارد', 'بند 5-1-5 استاندارد 21973 ص 7					', 'ندارد'),
(352, 35, '2024-09-16 12:54:12', 'کنترل مقاومت فشاری بتن					', 'استاندارد ملی	', 'آزمایش	', 'ندارد', 'بند 5-2-4 استاندارد 21973 ص 8					', 'ندارد'),
(353, 35, '2024-09-16 12:54:12', 'کنترل نوع و تعداد و محل میلگردهای تقویتی و منفی					', 'نقشه شاپ', 'بصری-متر	', 'ندارد', 'ندارد', 'ندارد'),
(354, 35, '2024-09-16 12:54:12', 'کنترل همپوشانی ورق‌های عرشه					', 'استاندارد ملی	', 'متر	', 'ندارد', 'بند 7-3 استاندارد 21973 ص 15					', 'ندارد'),
(355, 35, '2024-09-16 12:54:12', 'کنترل جوشکاری‌های عرشه					', 'استاندارد ملی	', 'ست PT	', 'ندارد', 'بند 8 استاندارد 21973 ص 17					', 'ندارد'),
(356, 35, '2024-09-16 12:54:12', 'کنترل تمیزی سطح قبل از بتن ریزی					', 'استاندارد ملی	', 'بصری	', 'ندارد', 'بند 11 استاندارد 21973 ص 18					', 'ندارد'),
(357, 35, '2024-09-16 12:54:12', 'کنترل جهت قرارگیری ورق‌های عرشه بر روی تیرریزی					', 'نقشه شاپ', 'بصری	', 'ندارد', 'ندارد', 'ندارد'),
(358, 35, '2024-09-16 12:54:12', 'کنترل انطباق محل قطع عرشه بر روی تیرها					', 'ندارد', 'ندارد', 'ندارد', 'ندارد', 'ندارد'),
(359, 35, '2024-09-16 12:54:12', 'کنترل اتصال عرشه به تکیه‌گاه عمود بر آن					', 'استاندارد ملی	', 'بصری', 'ندارد', 'بند 7-2 استاندارد 21973 ص 14					', 'ندارد'),
(360, 35, '2024-09-16 12:54:12', 'کنترل اتصال عرشه به تکیه‌گاه موازی با آن					', 'استاندارد ملی	', 'بصری	', 'ندارد', 'بند 7-4 استاندارد 21973 ص 16					', 'ندارد'),
(361, 35, '2024-09-16 12:54:12', 'کنترل اتصالات عرشه در قسمت طره					', 'استاندارد ملی	', 'بصری	', 'ندارد', 'بند 7-6 استاندارد 21973 ص 16					', 'ندارد'),
(362, 35, '2024-09-16 12:54:12', 'کنترل محل بازشوها و تقویت اطراف آن‌ها					', 'نقشه شاپ', 'بصری	', 'ندارد', 'ندارد', 'ندارد'),
(363, 35, '2024-09-16 12:54:12', 'کنترل فاصله بین گل میخ‌ها بر روی تیرهای اصلی و فرعی					', 'نقشه', 'متر', 'ندارد', 'ندارد', 'ندارد'),
(364, 35, '2024-09-16 12:54:12', 'کنترل جمع‌آوری سرامیک‌ها پس از سرد شدن جوش‌های دور گل میخ‌ها					', 'ندارد', 'ندارد', 'ندارد', 'ندارد', 'ندارد'),
(365, 35, '2024-09-16 12:54:12', 'کنترل ضخامت دال بتنی روی عرشه					', 'نقشه', 'متر', 'ندارد', 'ندارد', 'ندارد'),
(366, 36, '2024-09-16 12:56:45', 'کنترل اجرای لایه محافظ ایزولاسیون رطوبتی پشت دیوار حایل					', 'ندارد', 'ندارد', 'ندارد', 'ندارد', 'ندارد');
INSERT INTO `checklist_items` (`id`, `discipline_id`, `createdDateTime`, `operation_description`, `review_criteria`, `control_method_tool`, `minimum_check_value`, `considerations`, `allowable_tolerance`) VALUES
(367, 36, '2024-09-16 12:56:45', 'کنترل ابعاد کانال زهکشی					', 'ندارد', 'ندارد', 'ندارد', 'ندارد', 'ندارد'),
(368, 36, '2024-09-16 12:56:45', 'کنترل اجرای ژئوتکستایل در کانال زهکشی					', 'ندارد', 'ندارد', 'ندارد', 'ندارد', 'ندارد'),
(369, 36, '2024-09-16 12:56:45', 'کنترل زیرسازی کف کانال محل زهکشی					', 'ندارد', 'ندارد', 'ندارد', 'ندارد', 'ندارد'),
(370, 36, '2024-09-16 12:56:45', 'کنترل شیب زیر لوله‌های زهکش و اجرای ماسه					', 'ندارد', 'ندارد', 'ندارد', 'ندارد', 'ندارد'),
(371, 36, '2024-09-16 12:56:45', ' نصب لوله‌های سوراخ دار مطابق مشخصات فنی از نظر جنس و قطر					', 'ندارد', 'ندارد', 'ندارد', 'ندارد', 'ندارد'),
(372, 36, '2024-09-16 12:56:45', 'کنترل اتصالات لوله‌های زهکشی					', 'ندارد', 'ندارد', 'ندارد', 'ندارد', 'ندارد'),
(373, 36, '2024-09-16 12:56:45', 'کنترل چاه زهکش (عمق، قطر، کول گذاری، نصب گلدانی و ...)					', 'ندارد', 'ندارد', 'ندارد', 'ندارد', 'ندارد'),
(374, 36, '2024-09-16 12:56:45', 'کنترل اجرای دانه بندی مصالح روی لوله (از درشت دانه به ریز دانه)					', 'ندارد', 'ندارد', 'ندارد', 'ندارد', 'ندارد'),
(375, 36, '2024-09-16 12:56:45', 'کنترل اتصال لوله‌ها به گلدانی چاه					', 'ندارد', 'ندارد', 'ندارد', 'ندارد', 'ندارد'),
(376, 36, '2024-09-16 12:56:45', 'کنترل اجرای ژئوتکستایل روی کانال					', 'ندارد', 'ندارد', 'ندارد', 'ندارد', 'ندارد'),
(377, 36, '2024-09-16 12:56:45', 'کنترل ضخامت مصالح درشت دانه روی سطح و تراز ارتفاعی 					', 'ندارد', 'ندارد', 'ندارد', 'ندارد', 'ندارد'),
(378, 36, '2024-09-16 12:56:45', 'کنترل نصب ژئو تکستایل روی مصالح درشت دانه در سطح					', 'ندارد', 'ندارد', 'ندارد', 'ندارد', 'ندارد'),
(379, 36, '2024-09-16 12:56:45', 'کنترل پوشش روی نیل‌ها و هدنیل‌ها					', 'ندارد', 'ندارد', 'ندارد', 'ندارد', 'ندارد'),
(380, 36, '2024-09-16 12:56:45', 'تهیه نقشه های ازبیلت					', 'ندارد', 'ندارد', 'ندارد', 'ندارد', 'ندارد'),
(381, 37, '2024-09-16 13:00:05', 'کنترل تاریخ مصرف متریال ترمیم					', 'ندارد', 'ندارد', 'ندارد', 'توجه به تاریخ تولید به روز کارخانه و همچنین انقضا مترال							', 'ندارد'),
(382, 37, '2024-09-16 13:00:05', 'کنترل شرایط انبارش متریال ترمیم					', 'ندارد', 'ندارد', 'ندارد', 'شرایط بر اساس دستورالعمل فروشنده							', 'ندارد'),
(383, 37, '2024-09-16 13:00:05', 'کنترل متریال مصرفی					', 'ندارد', 'ندارد', 'ندارد', 'برند، نوع و ... مطابق با طرح مشاور							', 'ندارد'),
(384, 37, '2024-09-16 13:00:05', 'کنترل محور اجرای ترمیم					', 'ندارد', 'ندارد', 'ندارد', 'کنترل ابعادی و محور اجرای ترمیم (X-Y-Z) بر اساس طرح							', 'ندارد'),
(385, 37, '2024-09-16 13:00:05', 'کنترل تخریب بتن‌های سست و رسیدن به عمق مورد نیاز					', 'ندارد', 'ندارد', 'ندارد', 'پاکسازی و نظافت کامل شامل گرد و غبار، چربی و ... و مضرس نمودن سطح							', 'ندارد'),
(386, 37, '2024-09-16 13:00:05', 'شستشو و نظافت محل ترمیم					', 'ندارد', 'ندارد', 'ندارد', 'با استفاده از واتر جت با فشار بین 70 تا 300 مگاپاسکال							', 'ندارد'),
(387, 37, '2024-09-16 13:00:05', 'کنترل طرح اختلاط متریال 					', 'ندارد', 'ندارد', 'ندارد', 'هم زمان با اجرا و بر اساس طرح تایید شده مشاور و الزام به استفاده از همزن و میکسر							', 'ندارد'),
(388, 37, '2024-09-16 13:00:05', 'کنترل کیفیت آب مصرفی					', 'ندارد', 'ندارد', 'ندارد', 'بايد تميز و عاري از مواد زيان آور نظير روغن‌ها، اسيدها، بازها، نمك‌ها و مواد آلي و قندي باشد. به طور كلي مصرف آب آشاميدني							', 'ندارد'),
(389, 37, '2024-09-16 13:00:05', 'کنترل برنامه زمانی بندی و ترتیب اجرای مرحله ایی طرح ترمیم					', 'ندارد', 'ندارد', 'ندارد', 'هم زمان با اجرا و براساس نوع و دستورالعمل‌های اجرایی تولید کننده متریال و مشاور طرح							', 'ندارد'),
(390, 37, '2024-09-16 13:00:05', 'کنترل قالب بندی					', 'ندارد', 'ندارد', 'ندارد', '(در صورت نیاز به قالب بندی) نیاز به نظافت سطح قالب و استفاده از روغن قالب							', 'ندارد'),
(391, 37, '2024-09-16 13:00:05', 'کنترل اجرای کار و پرشدن کلیه سطح و خلل و فرج زیر آن					', 'ندارد', 'ندارد', 'ندارد', 'ندارد', 'ندارد'),
(392, 37, '2024-09-16 13:00:05', 'کنترل زمان قالب برداری 					', 'ندارد', 'ندارد', 'ندارد', '(در صورت نیاز به قالب بندی) حدود 12 ساعت با توجه به دما و شرایط محیطی							', 'ندارد'),
(393, 37, '2024-09-16 13:00:05', 'کنترل کیورینگ و عمل آوری بتن					', 'ندارد', 'ندارد', 'ندارد', 'بر اساس طرح مشاور و حداقل 2 روز							', 'ندارد'),
(394, 37, '2024-09-16 13:00:05', 'کنترل سطح کار تمام شده					', 'ندارد', 'ندارد', 'ندارد', 'وضعیت سلامت ظاهری و عدم وجود ترک و ...							', 'ندارد'),
(395, 37, '2024-09-16 13:00:05', 'تهیه نقشه‌های ازبیلت					', 'ندارد', 'ندارد', 'ندارد', 'ندارد', 'ندارد'),
(396, 43, '2024-09-16 13:04:29', 'کنترل پروفیل‌های مصرفی					', 'ندارد', 'ندارد', 'ندارد', 'سایز، ضخامت و سلامت فیزیکی							', 'ندارد'),
(397, 43, '2024-09-16 13:04:29', 'کنترل و تطابق نرده اجرا شده با طرح مصوب					', 'ندارد', 'ندارد', 'ندارد', 'ندارد', 'ندارد'),
(398, 43, '2024-09-16 13:04:29', 'کنترل راستای افقی و عمودی و ارتفاع و تطابق با شیب ها					', 'ندارد', 'ندارد', 'ندارد', 'برای راه پله ها و سطوح شیب دار ارتفاع از روی کف پله یا سطح شیب‌دار 90 سانتی‌متر							', 'ندارد'),
(399, 43, '2024-09-16 13:04:29', 'کنترل راستای افقی و ارتفاع دست انداز یا جان پناه در پاگرد بام و محورهای افقی					', 'ندارد', 'ندارد', 'ندارد', 'ارتفاع از کف حداقل 110 سانتی‌متر							', 'ندارد'),
(400, 43, '2024-09-16 13:04:29', 'کنترل عمودی بودن المان‌های هندریل پله					', 'ندارد', 'ندارد', 'ندارد', 'ندارد', 'ندارد'),
(401, 43, '2024-09-16 13:04:29', 'کنترل فواصل بین المان‌های عمودی					', 'ندارد', 'ندارد', 'ندارد', 'فضای خالی بین دو نرده عمودی دست انداز یا جان‌پناه حداکثر 11 سانتی‌متر							', 'ندارد'),
(402, 43, '2024-09-16 13:04:29', 'کنترل وضعیت المان‌های افقی نرده راه پله در محل خم هندریل‌ها					', 'ندارد', 'ندارد', 'ندارد', 'عدم وجود لبه‌های تیز و آسیب رسان							', 'ندارد'),
(403, 43, '2024-09-16 13:04:29', 'کنترل هماهنگی هندسی خم‌ها 					', 'ندارد', 'ندارد', 'ندارد', 'ندارد', 'ندارد'),
(404, 43, '2024-09-16 13:04:29', 'کنترل ارتفاع و همراستایی با محور پله ها یا سطح شیب‌دار میله‌های دستگیره					', 'ندارد', 'ندارد', 'ندارد', 'بین 85 تا 90 سانتی‌متر از کف پله یا سطح شیب‌دار و بصورت یکنواخت و بدون قطع شدگی یا عنصر اضافه در طول مسیر							', 'ندارد'),
(405, 43, '2024-09-16 13:04:29', 'کنترل امتداد افقی میله دستگیره					', 'ندارد', 'ندارد', 'ندارد', 'انتهای میله دستگیره باید به سمت یک دیوار، حفاظ یا سطح تردد بچرخد یا خم شود 							', 'ندارد'),
(406, 43, '2024-09-16 13:04:29', 'کنترل قطر خارجی میله دستگیره					', 'ندارد', 'ندارد', 'ندارد', 'در مقاطع دایره ایی بین 3/5 تا 4 سانتی‌متر و غیر دایره محیط آن حداقل 10 و حداکثر 16 سانتی‌متر و لبه با شعاع 0/25 میلی‌متر گرد شده باشد							', 'ندارد'),
(407, 43, '2024-09-16 13:04:29', 'کنترل فاصله آزاد میله دستگیره و دیوار 					', 'ندارد', 'ندارد', 'ندارد', 'حداقل 4 سانتی‌متر و عاری از هرگونه جسم تیز یا برنده							', 'ندارد'),
(408, 43, '2024-09-16 13:04:29', 'کنترل رنگ میله دستگیره					', 'ندارد', 'ندارد', 'ندارد', 'کنترل کیفیت  ضد زنگ و رنگی سالم و متضاد با رنگ زمینه							', 'ندارد'),
(409, 43, '2024-09-16 13:04:29', 'کنترل کامل بودن جوش‌های اتصال و تسطیح و سنگ زنی محل جوش					', 'ندارد', 'ندارد', 'ندارد', 'عدم وجود هیچ گونه لبه تیز و برنده در سطوح کار و اتصال المان‌ها							', 'ندارد'),
(410, 43, '2024-09-16 13:04:29', 'کنترل استحکام نصب نرده و هندریل					', 'ندارد', 'ندارد', 'ندارد', 'ندارد', 'ندارد'),
(411, 43, '2024-09-16 13:04:29', 'کنترل اجرای کامل ضد زنگ قطعات					', 'ندارد', 'ندارد', 'ندارد', 'ترجیحاً اجرای ضد زنگ قبل از نصب							', 'ندارد'),
(412, 43, '2024-09-16 13:04:29', 'کنترل اجرای نقاشی					', 'ندارد', 'ندارد', 'ندارد', 'نوع و برند رنگ، ضخامت و نوع میزان پوشش رنگ، رال رنگ							', 'ندارد'),
(413, 46, '2024-09-16 13:09:22', 'کنترل کیفیت زیرسازی 					', 'ندارد', 'ندارد', 'ندارد', 'عدم وجود ترک و اعوجاج							', 'ندارد'),
(414, 46, '2024-09-16 13:09:22', 'کنترل رنگ نما با نمونه 					', 'ندارد', 'ندارد', 'ندارد', ' مشخصات فنی جهت استفاده در فضای باز و مقاوم در برابر باران‌های اسیدی و اشعه UV و تابش مستقیم آفتاب، مقاوم دربرابر رشد قارج و باکتری، ضد آب بودن، برند، رال رنگ، مقاوم در برابر مواد قلیایی و تاریخ مصرف							', 'ندارد'),
(415, 46, '2024-09-16 13:09:22', 'خشک بودن کامل سطح زیرکار					', 'ندارد', 'ندارد', 'ندارد', 'ندارد', 'ندارد'),
(416, 46, '2024-09-16 13:09:22', 'نظافت کامل سطح زیرکار  					', 'ندارد', 'ندارد', 'ندارد', 'ندارد', 'ندارد'),
(417, 46, '2024-09-16 13:09:22', 'پوشش در و پنجره و مناطقی که نباید رنگ شوند   					', 'ندارد', 'ندارد', 'ندارد', 'پوشش در زمان اجرای کار							', 'ندارد'),
(418, 46, '2024-09-16 13:09:22', 'کنترل زیرسازی و اجرای پرایمر و بتونه کاری					', 'ندارد', 'ندارد', 'ندارد', 'کنترل نوع پرایمر، مشخصات فنی، تاریخ مصرف، برند و میزان چسبندگی به سطح سیمان							', 'ندارد'),
(419, 46, '2024-09-16 13:09:22', 'کنترل دمای مناسب محیط					', 'ندارد', 'ندارد', 'ندارد', 'دما بالای 10+ درجه سلسیوس و عدم آفتاب گرفتگی درزمان اجرا مربوط به فصول گرم							', 'ندارد'),
(420, 46, '2024-09-16 13:09:22', 'اجرای آستر و پوشش کامل زیرکار					', 'ندارد', 'ندارد', 'ندارد', 'ندارد', 'ندارد'),
(421, 46, '2024-09-16 13:09:22', 'کنترل ابزار و نحوه اجرای رنگ					', 'ندارد', 'ندارد', 'ندارد', 'اجرای رنگ با پمپ و یا قلم در لایه های لازم							', 'ندارد'),
(422, 46, '2024-09-16 13:09:22', 'کنترل ضخامت و سطح تمام شده رنگ					', 'ندارد', 'ندارد', 'ندارد', 'براساس طرح و دستورالعمل اجرایی							', 'ندارد'),
(423, 46, '2024-09-16 13:09:22', 'اجرای سیلر در صورت نیاز					', 'ندارد', 'ندارد', 'ندارد', 'ندارد', 'ندارد'),
(424, 46, '2024-09-16 13:09:22', 'لکه گیری و تمیزکاری					', 'ندارد', 'ندارد', 'ندارد', 'ندارد', 'ندارد'),
(425, 46, '2024-09-16 13:09:22', 'کنترل کیفیت سطح رنگ نما					', 'ندارد', 'ندارد', 'ندارد', 'عدم وجود هیچگونه موج، ترک، اعوجاج، پوسته شدگی، تاول یا بادکردن و رد قلم و غلطک، شره رنگ							', 'ندارد'),
(426, 46, '2024-09-16 13:09:22', 'کنترل یکسان بودن رال رنگ در کل نما					', 'ندارد', 'ندارد', 'ندارد', 'عدم وجود دورنگی و اختلاف رنگ در سطح نما							', 'ندارد'),
(427, 46, '2024-09-16 13:09:22', 'پاکسازی منصوبات پیرامونی					', 'ندارد', 'ندارد', 'ندارد', 'ندارد', 'ندارد'),
(428, 46, '2024-09-16 13:09:22', 'جمع آوری پوشش‌های حفاظتی از نما					', 'ندارد', 'ندارد', 'ندارد', 'ندارد', 'ندارد'),
(429, 46, '2024-09-16 13:09:22', 'نظافت محل کار و جمع آوری ضایعات					', 'ندارد', 'ندارد', 'ندارد', 'ندارد', 'ندارد'),
(430, 47, '2024-09-16 13:13:43', 'کنترل آهن آلات و پروفیل‌های مصرفی					', 'ندارد', 'ندارد', 'ندارد', 'ابعاد، ضخامت و طول							', 'ندارد'),
(431, 47, '2024-09-16 13:13:43', 'کنترل نظافت پروفیل‌ها قبل از اجرای ضدزنگ					', 'ندارد', 'ندارد', 'ندارد', 'پاکسازی سطح پروفیل‌ها با تینر و دستمال بصورت کامل							', 'ندارد'),
(432, 47, '2024-09-16 13:13:43', 'کنترل اجرای ضدزنگ پروفیل ها قبل از نصب 					', 'ندارد', 'ندارد', 'ندارد', 'ضخامت پوشش و کاور کامل سطح همچنین نوع ضدزنگ، برند و ...							', 'ندارد'),
(433, 47, '2024-09-16 13:13:43', 'کنترل محل اجرا و ابعاد 					', 'ندارد', 'ندارد', 'ندارد', 'محل استقرار منطبق با طرح و شاپ تایید شده							', 'ندارد'),
(434, 47, '2024-09-16 13:13:43', 'کنترل تراز و موقعیت پروفیل های افقی و عمودی درطبقات طبق نقشه شاپ					', 'ندارد', 'ندارد', 'ندارد', 'ندارد', 'ندارد'),
(435, 47, '2024-09-16 13:13:43', 'کنترل زوایا در کنج‌ها و نبش‌ها					', 'ندارد', 'ندارد', 'ندارد', 'ندارد', 'ندارد'),
(436, 47, '2024-09-16 13:13:43', 'کنترل شاقول بودن پروفیل‌های زیرسازی نما					', 'ندارد', 'ندارد', 'ندارد', 'نصب اندگپ انتهایی برای قوطی‌های عمودی در بالاترین تراز آزاد الزامی می‌باشد							', 'ندارد'),
(437, 47, '2024-09-16 13:13:43', 'مطابقت ابعاد بازشوها با نقشه شاپ					', 'ندارد', 'ندارد', 'ندارد', 'ندارد', 'ندارد'),
(438, 47, '2024-09-16 13:13:43', 'همباد بودن عرضی آهن آلات در نما 					', 'ندارد', 'ندارد', 'ندارد', 'همبادی پروفیل‌های ستون کاذب و لبه‌های آزاد کنار در و پنجره در عرض نما 							', 'ندارد'),
(439, 47, '2024-09-16 13:13:43', 'اجرای پروفیل‌های کمکی برای پنجره‌ها در صورت لزوم					', 'ندارد', 'ندارد', 'ندارد', 'ندارد', 'ندارد'),
(440, 47, '2024-09-16 13:13:43', 'کنترل استحکام نصب و کافی بودن تعداد دستک های کمکی جهت اتصال مناسب به اسکلت سازه					', 'ندارد', 'ندارد', 'ندارد', 'ندارد', 'ندارد'),
(441, 47, '2024-09-16 13:13:43', 'کنترل عمق سوراخکاری، تعداد و سایزینگ انکر بولت‌های پلیت اتصال					', 'ندارد', 'ندارد', 'ندارد', 'کنترل ابعاد و ضخامت ورق به همراه سایزینگ سوراخکاری پلیت							', 'ندارد'),
(442, 47, '2024-09-16 13:13:43', 'کنترل تکمیل جوشکاری‌ها					', 'ندارد', 'ندارد', 'ندارد', 'نوع، بعد، سلامت و طول جوش‌ به همراه وصله‌های مورد نیاز در محل اتصال							', 'ندارد'),
(443, 47, '2024-09-16 13:13:43', 'کنترل تمیزکاری جوش‌ها و ترمیم ضدزنگ					', 'ندارد', 'ندارد', 'ندارد', 'ضدزنگ محل اتصال می‌بایست پاکسازی و پس از اتمام جوشکاری مجدداً اصلاح شود							', 'ندارد'),
(444, 47, '2024-09-16 13:13:43', 'تهیه و ارائه نقشه های ازبیلت					', 'ندارد', 'ندارد', 'ندارد', 'ندارد', 'ندارد'),
(445, 38, '2024-09-16 13:16:45', 'کنترل نظافت آرماتورهای نمایان					', 'آیین نامه	', '', '', 'بند 4-7-1-1 نشریه 345 ص 40						', 'بصری	'),
(446, 38, '2024-09-16 13:16:45', 'کنترل ترمیم سطوح ناهموار					', 'آیین نامه	', '', '', 'بند 4-7-1 نشریه 345 ص 40						', 'بصری	'),
(447, 38, '2024-09-16 13:16:45', 'کنترل ساب زدن سطح پیش از نصب با فرز					', 'آیین نامه	', '', '', 'بند 4-7-2-1 نشریه 345 ص 41						', 'بصری	'),
(448, 38, '2024-09-16 13:16:45', 'شستشوی سطح با آب یا فشار هوا					', 'آیین نامه	', '', '', 'بند 4-7-2-1 نشریه 345 ص 41						', 'بصری	'),
(449, 38, '2024-09-16 13:16:45', 'کنترل نوع و نسبت ترکیب الیاف و رزین					', 'آیین نامه	', '', '', 'بند 4-3-3 نشریه 345 ص 38						', 'ترازو'),
(450, 38, '2024-09-16 13:16:45', 'کنترل عمل آوری رزین					', 'آیین نامه	', '', '', 'بند 4-12 نشریه 345 ص 45						', ''),
(451, 38, '2024-09-16 13:16:45', 'کنترل امتداد و جهت پوشش لایه‌ها					', 'آیین نامه	', '', '', 'بند 4-10 نشریه 345 ص 44						', 'بصری'),
(452, 38, '2024-09-16 13:16:45', 'کنترل شعاع کنج‌ها					', 'آیین نامه	', '', '', 'بند 11-1 نشریه 345 ص 85						', 'متر'),
(453, 39, '2024-09-16 13:18:46', 'کنترل محل‌های مورد نظر برای اجرای عایق					', 'نقشه', 'بصری', '', '', ''),
(454, 39, '2024-09-16 13:18:46', 'کنترل نظافت سطح از گرد و غبار و چربی					', 'آیین‌نامه	', 'بصری', '', 'بند 3-4-3-3 و 7-4-3-3 مقررات و الزامات سازمان آتش‌نشانی تهران ص 14					', ''),
(455, 39, '2024-09-16 13:18:46', 'کنترل پوسته نبودن رنگ مقاطع					', '', '', '', '', ''),
(456, 39, '2024-09-16 13:18:46', 'کنترل طرح اختلاط					', 'آیین‌نامه	', '', '', 'بند 17-4-3 مقررات و الزامات سازمان آتش‌نشانی تهران ص 17					', ''),
(457, 39, '2024-09-16 13:18:46', 'کنترل دانسیته مواد					', 'آیین‌نامه	', '', '', 'بند 3-5-3-3 مقررات و الزامات سازمان آتش‌نشانی تهران ص 15					', ''),
(458, 39, '2024-09-16 13:18:46', 'کنترل نصب پشم سنگ حدفاصل عرشه فلزی و تیر					', 'آیین‌نامه	', 'بصری', '', 'بند 5-4-3-3 مقررات و الزامات سازمان آتش‌نشانی تهران ص 14					', ''),
(459, 39, '2024-09-16 13:18:46', 'کنترل اجرای پوشش با ضخامت بیش از 16 میلیمتر در بیش از یک دست					', '', '', '', '', ''),
(460, 39, '2024-09-16 13:18:46', 'کنترل از دست دادن رطوبت لایه قبل از اجرای لایه بعدی					', '', '', '', '', ''),
(461, 39, '2024-09-16 13:18:46', 'کنترل ضخامت پوشش اجرا شده					', 'آیین‌نامه	', 'کولیس	', '', 'بند 3-6-3-3 مقررات و الزامات سازمان آتش‌نشانی تهران ص 15 و 16					', ''),
(462, 39, '2024-09-16 13:18:46', 'کنترل اجرای مناسب توری 					', '', '', '', '', ''),
(463, 49, '2024-09-16 13:27:10', 'کنترل شتشوی کامل سطوح و عاری نمودن از روغن، گریس و بقایای بتن و شیرآبه و ... که چسبندگی را کم می‌نماید					', '', '', '', 'شستشوی سطوح می‌بایست با مواد شوینده و بصورت پارت به پارت و 24 ساعت قبل از اجرای پوشش انجام پذیرد.							', ''),
(464, 49, '2024-09-16 13:27:10', 'کنترل تمیزکاری سطوح و برداشتن پوسته‌ها					', '', '', '', '', ''),
(465, 49, '2024-09-16 13:27:10', 'پیش بینی اجرای بست ها ، آویزها و سایر قطعات جهت جلوگیری از صدمات بعدی به عایق					', '', '', '', '', ''),
(466, 49, '2024-09-16 13:27:10', 'پیش بینی اجرای بست ها ، آویزها و سایر قطعات جهت جلوگیری از صدمات بعدی به عایق					', '', '', '', 'کنترل کیفیت، نوع، چشمه و گرماژ توری مرغی و نوع پین							', ''),
(467, 49, '2024-09-16 13:27:10', 'کنترل عدم اختلاف تراز بین طبقه اجرا و محل استقرار دستگاه					', '', '', '', 'به جهت جلوگیری از برهم خوردگی طرح اختلاط می‌بایست دستگاه در طبقه درحال اجرا استقرار یابد							', ''),
(468, 49, '2024-09-16 13:27:10', 'کنترل طول حداکثر 15 متری شلنگ پاشش					', '', '', '', '', ''),
(469, 49, '2024-09-16 13:27:10', 'کنترل خشک بودن کامل سطح قبل از اجرای لایه چسب					', '', '', '', '', ''),
(470, 49, '2024-09-16 13:27:10', 'کنترل PH آب مصرفی					', '', '', '', ' با مشخصات آب شرب							', ''),
(471, 49, '2024-09-16 13:27:10', 'کنترل زمان مناسب مخلوط کردن متریال با آب 					', '', '', '', 'بر اساس طرح اختلاط مصوب و متریال حداکثر 30 دقیقه پس از اختلاط قابلیت اجرا دارد							', ''),
(472, 49, '2024-09-16 13:27:10', 'کنترل طرح اختلاط متریال					', '', '', '', 'بر اساس طرح اختلاط مصوب و اندازه گیری دانسیته تر بصورت روزانه 							', ''),
(473, 49, '2024-09-16 13:27:10', 'کنترل ورودی چسب پرایمر 					', '', '', '', 'چسب‌ها می‌بایست بصورت بشکه 220 لیتری و پلمپ شده و با تاریخ مصرف معتبر وارد کارگاه گردند							', ''),
(474, 49, '2024-09-16 13:27:10', '\"کنترل پرکردن ناحیه مابین گام عرشه فلزي و تیر بوسیله پشم سنگ  \"					', '', '', '', 'به نحوي که سطح پشم سنگ با لبه تیربرابربوده و به صورت اصطکاکی در محل قرار گیرد.							', ''),
(475, 49, '2024-09-16 13:27:10', 'کنترل میزان ضخامت و پوشش لایه چسب پرایمر					', '', '', '', '', ''),
(476, 49, '2024-09-16 13:27:10', 'کنترل اختلاف زمانی اجرای زیرسازی و رویه					', '', '', '', 'خشک شدن کامل لایه زیرسازی و کمتر از 24 ساعت (8تا 16ساعت)  به دلیل احتمال خاک گرفتگی سطح							', ''),
(477, 49, '2024-09-16 13:27:10', 'کنترل کیفیت لایه اول حفاظ 					', '', '', '', '\"پوشش‌هاي با ضخامت بیش از 16 تا    20 میلیمتر میبایستی در بیش از یک دست اجرا شود. \"							', ''),
(478, 49, '2024-09-16 13:27:10', 'کنترل مداوم ضخامت لایه دوم محافظ با گیج های مخصوص مطابق مشخصات					', '', '', '', '\"کنترل ضخامت تر ماده میبایستی با استفاده از اندازه گیر استاندارد توسط اپراتور پاشش به صورت مداوم صورت پذیرد. \"							', ''),
(479, 49, '2024-09-16 13:27:10', 'کنترل یکنواختی سطح پوشش داده شده					', '', '', '', '', ''),
(480, 49, '2024-09-16 13:27:10', 'کنترل پوشش مناسب و عدم بیرون زدگی توری مرغی از سطح کار					', '', '', '', '', ''),
(481, 49, '2024-09-16 13:27:10', 'کنترل پوشش کامل در کل سطح ستون‌ها  از پاشنه تا زیر تیر					', '', '', '', '', ''),
(482, 49, '2024-09-16 13:27:10', 'کنترل پوشش کامل در کل سطح تیرها ( و عرشه در صورت نیاز)					', '', '', '', '', ''),
(483, 49, '2024-09-16 13:27:10', 'کنترل اجرای کاور مناسب جهت کنترل وزش باد					', '', '', '', 'وزش باد در سطح کار موجب عدم یکنواختی در زمان خشک شدن متریال می‌گردد							', ''),
(484, 49, '2024-09-16 13:27:10', 'پیش بینی دمای مناسب برای نگهداری پوشش (5+ تا 45+ درجه سانتیگراد)					', '', '', '', '', ''),
(485, 49, '2024-09-16 13:27:10', 'پیش بینی دمای مناسب سطح آهن آلات (4.4+ تا 50+ درجه سانتیگراد)					', '', '', '', '\"سطوح خیلی گرم می‌بایستی سرد شده تا دماي آن به زیر 50+ درجه سانتیگراد برسد. \"							', ''),
(486, 49, '2024-09-16 13:27:10', 'پیش بینی های لازم جهت جلوگیری ازتماس و برخورد ادوات کارگاهی و بارندگی در زمان نگهداری					', '', '', '', '\"عملیات اجرا شـده می‌بایسـتی درمقابل آنچه باعث آسـیب‌دیدگی می‌گردد از جمله ریزش آب، باران و .... تا خشک شدن کامل محافظت گردند.  \"							', ''),
(487, 49, '2024-09-16 13:27:10', 'نظافت و پاک سازی محل کار					', '', '', '', 'بعد از اجرا می‌بایستی محل تمیز شده و کیسه‌هاي خالی ومواد مازاد از محل خارج گردد. 							', ''),
(488, 48, '2024-09-16 13:30:52', 'کنترل نصب توالت شرقی					', '', '', '', 'سلامت فیزیکی چینی آلات، مدل، برند، عملکرد تخلیه و محل نصب ( فاصله از مرکز سوراخ توالت شرقی تا دیوار جانبی 45 سانتیمتر و از دیوار پشتی 25 سانتیمتر) 							', ''),
(489, 48, '2024-09-16 13:30:52', 'کنترل نصب شیرمخلوط سرویس شرقی					', '', '', '', 'سلامت فیزیکی، برند، مدل، عملکرد صحیح بر اساس جهت اهرم      ( آب گرم و سرد)، استحکام نصب، تراز بودن، و ارتفاع نصب شیر مخلوط 45 سانتیمتر از کف و  قلاب شیر 75 سانتیمتر از کف							', ''),
(490, 48, '2024-09-16 13:30:52', 'کنترل  نصب روشویی 					', '', '', '', 'محل نصب و فواصل با سایر عناصر تاسیساتی و ساختمانی، سلامت فیزیکی چینی آلات و کابین، مدل، برند، تراز نصب روشویی (80-85 سانتیمتر از کف)، تراز بودن کابین و کاسه، عملکرد صحیح تخلیه							', ''),
(491, 48, '2024-09-16 13:30:52', 'کنترل نصب شیر مخلوط روشویی و زیرآب و سیفون و پیسوارها 					', '', '', '', 'سلامت فیزیکی، برند، مدل، عملکرد صحیح بر اساس جهت اهرم       ( آب گرم و سرد)، و کنترل ترازهای نصب از کف پیسوارها ( 55 سانتیمتر از کف)							', ''),
(492, 48, '2024-09-16 13:30:52', 'کنترل آب بندی کابین و کاسه روشویی					', '', '', '', ' اجرای چسب سیلیکون آنتی باکتریال 							', ''),
(493, 48, '2024-09-16 13:30:52', 'کنترل نصب فلاش تانک  					', '', '', '', ' محل نصب فلاش تانک به نسبت سایر عناصر تاسیساتی و ساختمانی  سلامت فیزیکی، مدل، برند، عملکرد دستگاه و شاسی‌ها ، فیکس بودن فلاش‌تانک و لوله و اتصالات (تراز نصب فلاشتانک روکار 180 سانتیمتر از کف )							', ''),
(494, 48, '2024-09-16 13:30:52', 'کنترل نصب توالت فرنگی					', '', '', '', 'سلامت فیزیکی، عملکرد، برند چینی آلات، نصب صحیح و مستحکم، نصب بوگیر، آب بندی با چسب سیلیکون آنتی باکتریال، کنترل عملکرد فلاشتانک و تخلیه							', ''),
(495, 48, '2024-09-16 13:30:52', 'کنترل نصب شیرمخلوط سرویس فرنگی					', '', '', '', 'سلامت فیزیکی، برند، مدل، عملکرد صحیح بر اساس جهت اهرم     ( آب گرم و سرد)، استحکام نصب، تراز بودن و ارتفاع نصب شیر مخلوط (55 سانتیمتر از کف) و  قلاب شیر (75 سانتیمتر از کف)							', ''),
(496, 48, '2024-09-16 13:30:52', 'کنترل نصب وان 					', '', '', '', 'محل نصب و فواصل با سایر عناصر تاسیساتی و ساختمانی، سلامت فیزیکی، برند، مدل، استحکام نصب، تراز بودن، عملکرد صحیح تخلیه							', ''),
(497, 48, '2024-09-16 13:30:52', 'کنترل نصب شیر مخلوط وان و زیرآب و سیفون					', '', '', '', 'سلامت فیزیکی کلیه موارد، برند، مدل، عملکرد صحیح بر اساس جهت اهرم ( آب گرم و سرد) وتراز بودن و ارتفاع نصب شیر مخلوط    (70 سانتیمتر از کف) و سردوش تا شیرمخلوط90 سانتیمتر و عملکرد صحیح تخلیه							', ''),
(498, 48, '2024-09-16 13:30:52', 'کنترل نصب شیر مخلوط و علم دوش حمام					', '', '', '', 'سلامت فیزیکی، برند، مدل، عملکرد صحیح بر اساس جهت اهرم      ( آب گرم و سرد)، استحکام نصب، تراز بودن و ارتفاع نصب شیر مخلوط (90 سانتیمتر از کف) و سردوش (180 تا 100 سانتیمتر از کف)							', ''),
(499, 48, '2024-09-16 13:30:52', 'کفشورها					', '', '', '', 'سلامت فیزیکی، تکمیل بودن کلیه متعلقات، برند، مدل، عملکرد تخلیه آب و محل استقرار 							', ''),
(500, 48, '2024-09-16 13:30:52', 'کنترل فیکس و تراز بودن کارتریج شیرهای توکار					', '', '', '', 'نصب اهرم و کنترل بسته شدن پیچ آلن زیر اهرم، عملکرد							', ''),
(501, 48, '2024-09-16 13:30:52', 'نصب صحیح سینک و شیرمخلوط و زیرآب و سیفون و پیسوارها					', '', '', '', 'محل نصب و فواصل با سایر عناصر تاسیساتی و ساختمانی، سلامت فیزیکی، مدل، برند، عملکرد صحیح بر اساس جهت اهرم ( آب گرم و سرد)، تراز نصب و تراز بودن سینک، عملکرد صحیح تخلیه و ارتفاع پیسوارها (50 سانتیمتر از کف)							', ''),
(502, 48, '2024-09-16 13:30:52', 'کنترل آب بندی سینک					', '', '', '', ' اجرای چسب سیلیکون آنتی باکتریال 							', ''),
(503, 48, '2024-09-16 13:30:52', 'کنترل نصب شیر آب سرد ماشین ظرفشویی و لباسشویی					', '', '', '', 'سلامت فیزیکی، برند، مدل، عملکرد، سایز و استحکام نصب							', ''),
(504, 48, '2024-09-16 13:30:52', 'کنترل شیرهای پیسوار و استفاده از شیرهای پیسوار فیلتردار					', '', '', '', 'کنترل سلامت فیزیکی، عملکرد، برند، سایز، رنگ سرشیر بر اساس آب عبوری (آبی و قرمز)							', ''),
(505, 48, '2024-09-16 13:30:52', 'استفاده ازشیلنگ‌های رزوه دار فشار قوی جهت اتصال شیرهای پیسوار به شیرآلات بهداشتی 					', '', '', '', 'کنترل سلامت فیزیکی، برند، سایز و طول							', ''),
(506, 48, '2024-09-16 13:30:52', 'کنترل نصب شیر حیاطی  (بالکن، محوطه و ...)					', '', '', '', 'سلامت فیزیکی، برند، مدل، عملکرد، سایز و استحکام نصب							', ''),
(507, 48, '2024-09-16 13:30:52', 'ارائه مدارک و مستندات گارانتی و خدمات پس از فروش کلیه تجهیزات منصوبه					', '', '', '', '', '');

-- --------------------------------------------------------

--
-- Table structure for table `checklist_status`
--

CREATE TABLE `checklist_status` (
  `id` int(11) NOT NULL,
  `user_name` text NOT NULL,
  `checklist_item_id` text NOT NULL,
  `status` text NOT NULL,
  `submitted_at` text NOT NULL,
  `permit_id` text NOT NULL
) ENGINE=InnoDB DEFAULT CHARSET=utf8mb4 COLLATE=utf8mb4_general_ci;

-- --------------------------------------------------------

--
-- Table structure for table `disciplines`
--

CREATE TABLE `disciplines` (
  `id` int(11) NOT NULL,
  `name` varchar(255) NOT NULL,
  `group` varchar(1500) NOT NULL,
  `code` varchar(50) NOT NULL
) ENGINE=InnoDB DEFAULT CHARSET=utf8mb4 COLLATE=utf8mb4_general_ci;

--
-- Dumping data for table `disciplines`
--

INSERT INTO `disciplines` (`id`, `name`, `group`, `code`) VALUES
(10, 'کرسی چینی', 'سفت کاری و نازک کاری', '66d73d16b3q63'),
(11, 'عملیات اجرای وال پست', 'سفت کاری و نازک کاری', '66d73d16b1a63'),
(12, ' نقشه برداری و پیاده سازی اولیه پروژه', 'گود و سازه', '66e1a5590ea5a'),
(13, ' خاکبرداری ماشینی و پایدارسازی گود به روش نیلینگ', 'گود و سازه', '66e1a562977d0'),
(14, ' خاکبرداری دستی و رسیدن به رقوم نهایی کف', 'گود و سازه', '66e1a56ae779a'),
(15, ' عایق گود با دیمپل شیت', 'گود و سازه', '66e1a5749079c'),
(16, 'بتن نظافتی ( مگر )', 'گود و سازه', '66e1a57e2f7f0'),
(17, ' آرماتوربندی فونداسیون', 'گود و سازه', '66e1a5862bcaf'),
(18, ' قالب بندی فونداسیون', 'گود و سازه', '66e1a58ff3d8b'),
(19, ' عملیات ارتینگ', 'گود و سازه', '66e1a59910810'),
(20, 'عملیات بتن ریزی', 'گود و سازه', '66e1a59db9470'),
(21, ' آرماتوربندی ستون و دیوار برشی', 'گود و سازه', '66e1a5a2c0aec'),
(22, ' سیستم همبندی', 'گود و سازه', '66e1a5a7d5e0e'),
(23, ' قالب بندی ستون و دیوار', 'گود و سازه', '66e1a5b165ce3'),
(24, ' بتن ریزی ستون و دیوار', 'گود و سازه', '66e1a5bc86d51'),
(25, ' قالب برداری ستون و دیوار', 'گود و سازه', '66e1a5c166ddd'),
(26, ' قالب بندی کف تیر', 'گود و سازه', '66e1a5c60ae48'),
(27, ' آرماتوربندی تیر', 'گود و سازه', '66e1a5ca84842'),
(28, ' قالب بندی سقف دال و بغل تیر', 'گود و سازه', '66e1a5cf48b25'),
(29, ' آرماتوربندی سقف دال', 'گود و سازه', '66e1a5d450306'),
(30, ' بتن ریزی تیر و سقف دال', 'گود و سازه', '66e1a5dd84045'),
(31, ' قالب برداری تیر و سقف', 'گود و سازه', '66e1a5eb05002'),
(32, ' حفر چاه جذبی', 'گود و سازه', '66e1a6004adb7'),
(33, ' مقاوم سازی با ژاکت فلزی', 'گود و سازه', '66e1a6057f76c'),
(34, 'اسکلت فلزی', 'گود و سازه', '66e1a60a6b2ff'),
(35, 'سقف عرشه فولادی', 'گود و سازه', '66e1a6131f395'),
(36, ' کانال زهکشی کف گود', 'گود و سازه', '66e1a61c1d099'),
(37, ' ترمیم بتن', 'گود و سازه', '66e1a621161fb'),
(38, 'FRP مقاوم سازی با', 'گود و سازه', '66e1a62634475'),
(39, 'پوشش ضد حریق', 'گود و سازه', '66e1a63172076'),
(40, 'نقاشی نمای سیمانی', 'گود و سازه', '66e1a6a378c1a'),
(42, 'تجهیزات داخلی ( شیرآلات و لوام بهداشتی )', 'گود و سازه', '66e1a704d9627'),
(43, 'کارهای فلزی سبک', 'گود و سازه', '66e1a71dbd592'),
(45, 'پوشش محافظ در برابر حریق', 'گود و سازه', '66e1a76b67077'),
(46, 'عملیات ساختمان ( اجرای رنگ نما روی سیمانی )', 'گود و سازه', '66e82d0feba4b'),
(47, 'عملیات ساختمانی ( آهنکشی زیرسازی نما )', 'گود و سازه', '66e82e3a07685'),
(48, 'عملیات ساختمانی (تاسیسات مکانیکی) تجهیزات داخلی (شیرآلات و لوازم بهداشتی) ', 'گود و سازه', '66e830bcb62d2'),
(49, 'عملیات ساختمانی ( پوشش محافظ در برابر حریق (پایه سیمانی) )', 'گود و سازه', '66e830d0a6f77');

-- --------------------------------------------------------

--
-- Table structure for table `discipline_group`
--

CREATE TABLE `discipline_group` (
  `group_id` int(11) NOT NULL,
  `group_name` varchar(50) DEFAULT NULL,
  `discipline_id` int(11) DEFAULT NULL
) ENGINE=InnoDB DEFAULT CHARSET=utf8mb4 COLLATE=utf8mb4_general_ci;

--
-- Dumping data for table `discipline_group`
--

INSERT INTO `discipline_group` (`group_id`, `group_name`, `discipline_id`) VALUES
(1, 'سفت کاری و نازک کاری', 10);

-- --------------------------------------------------------

--
-- Table structure for table `permitdisciplines`
--

CREATE TABLE `permitdisciplines` (
  `id` int(11) NOT NULL,
  `name` varchar(255) DEFAULT NULL,
  `group_name` varchar(255) DEFAULT NULL,
  `code` varchar(50) DEFAULT NULL
) ENGINE=InnoDB DEFAULT CHARSET=utf8mb4 COLLATE=utf8mb4_unicode_ci;

--
-- Dumping data for table `permitdisciplines`
--

INSERT INTO `permitdisciplines` (`id`, `name`, `group_name`, `code`) VALUES
(1, 'عملیات اجرای وال پست', 'سفت کاری و نازک کاری', '4353454353453'),
(2, 'کرسی چینی', 'سفت کاری و نازک کاری', '66d73db750770'),
(3, 'آرماتوربندی فونداسیون', 'گود و سازه', '66e1a1de8cac8'),
(4, 'عملیات ارتینگ', 'گود و سازه', '66e1a1e3a48d3'),
(5, 'عملیات قالب بندی', 'گود و سازه', '66e1a1ec15abf'),
(6, 'عملیات بتن ریزی', 'گود و سازه', '66e1a1f07089c'),
(8, 'آرماتوربندی ستون و دیوار', 'گود و سازه', '66e1a201890ae'),
(9, 'قالب بندی ستون و دیوار', 'گود و سازه', '66e1a20607190'),
(10, 'همبندی ستون و دیوار', 'گود و سازه', '66e1a20f53f96'),
(11, 'بتن ریزی ستون و دیوار', 'گود و سازه', '66e1a21411b17'),
(12, 'قالب برداری ستون و دیوار', 'گود و سازه', '66e1a21cc9609'),
(13, 'قالب بندی کف تیر', 'گود و سازه', '66e1a2212f389'),
(14, 'آرماتوربندی تیر', 'گود و سازه', '66e1a229efdd3'),
(15, 'قالب بندی سقف دال و بغل تیر', 'گود و سازه', '66e1a2345f488'),
(16, 'آرماتوربندی سقف دال', 'گود و سازه', '66e1a2394e513'),
(17, 'همبندی رینگ سقف', 'گود و سازه', '66e1a241c1ba6'),
(18, 'بتن ریزی تیر و سقف', 'گود و سازه', '66e1a246d6446'),
(19, 'قالب برداری تیر و سقف', 'گود و سازه', '66e1a25032a90'),
(20, 'حفر چاه جذبی', 'گود و سازه', '66e1a2581c16d'),
(21, 'مقاوم سازی با FRP', 'گود و سازه', '66e1a25d1effd'),
(22, 'مقاوم سازی با ژاکت فلزی', 'گود و سازه', '66e1a26716eff'),
(23, 'نصب اسکلت فلزی', 'گود و سازه', '66e1a26b97af1'),
(24, 'اجرای سقف مرکب عرشه فولادی', 'گود و سازه', '66e1a274a82a3'),
(25, 'اجرای پوشش ضد حریق با مواد پایه سیمانی', 'گود و سازه', '66e1a279bebee'),
(26, 'کانال زهکشی کف گود', 'گود و سازه', '66e1a27ed2b65'),
(27, 'عملیات بتن ریزی سقف عرشه', 'گود و سازه', '66e1a283766ea'),
(28, 'نقاشی نمای سیمانی', 'گود و سازه', '66e1a6971cc54'),
(29, 'کاری های فلزی سبک', 'گود و سازه', '66e1a6e455d12'),
(30, 'تجهیزات داخلی ( شیرآلات و لوام بهداشتی )', 'گود و سازه', '66e1a6fd11f52'),
(31, 'کارهای فلزی سبک', 'گود و سازه', '66e1a717a38d8'),
(32, 'آهنکشی نما', 'گود و سازه', '66e1a73dc92b6'),
(33, 'پوشش محافظ در برابر حریق', 'گود و سازه', '66e1a7658afdc'),
(34, 'ترمیم بتن سازه ای', 'گود و سازه', '66e1a8d9e1a07'),
(35, 'خاکبرداری و پایدار سازی گود', 'گود و سازه', '66e6e3644c780'),
(36, 'عایق گود', 'گود و سازه', '66e6e4af1dc8f'),
(37, 'بتن نظافتی ( مگر )', 'گود و سازه', '66e6e4c6e3343'),
(38, 'عملیات قالب برداری فونداسیون', 'گود و سازه', '66e7d4ba1674c'),
(40, 'عملیات ساختمان ( اجرای رنگ نما روی سیمانی )', 'گود و سازه', '66e7ed6a1c275'),
(41, 'عملیات ساختمانی ( پوشش محافظ در برابر حریق (پایه سیمانی) )', 'گود و سازه', '66e7ef797c082');

-- --------------------------------------------------------

--
-- Table structure for table `permititems`
--

CREATE TABLE `permititems` (
  `id` int(11) NOT NULL,
  `items` longtext CHARACTER SET utf8mb4 COLLATE utf8mb4_bin DEFAULT NULL,
  `permit_id` varchar(150) CHARACTER SET utf8mb4 COLLATE utf8mb4_unicode_ci NOT NULL,
  `dateTimeCreated` text CHARACTER SET utf8mb4 COLLATE utf8mb4_unicode_ci NOT NULL
) ENGINE=InnoDB DEFAULT CHARSET=utf8mb4 COLLATE=utf8mb4_general_ci;

-- --------------------------------------------------------

--
-- Table structure for table `permititemsselection`
--

CREATE TABLE `permititemsselection` (
  `id` int(11) NOT NULL,
  `lastActivity` varchar(255) DEFAULT NULL,
  `documentations` varchar(255) DEFAULT NULL,
  `workingMaterials` varchar(255) DEFAULT NULL,
  `tools` varchar(255) DEFAULT NULL,
  `env` varchar(255) DEFAULT NULL,
  `hse` varchar(255) DEFAULT NULL,
  `discipline_id` int(11) DEFAULT NULL
) ENGINE=InnoDB DEFAULT CHARSET=utf8mb4 COLLATE=utf8mb4_unicode_ci;

--
-- Dumping data for table `permititemsselection`
--

INSERT INTO `permititemsselection` (`id`, `lastActivity`, `documentations`, `workingMaterials`, `tools`, `env`, `hse`, `discipline_id`) VALUES
(1, 'چک لیست عملیات اسکلت تراز مربوطه', 'نقشه های شاپ براساس ویرایش ۴ پیوست ۶ آیین نامه ۲۸۰۰', 'وال پست', 'دریل', 'دما : ۳۷ درجه', 'تجهیزات حفاظت فردی', 1),
(3, NULL, NULL, 'ناودانی', 'سنگ فرز', 'وضعیت جوی : آفتابی', 'ایمنی مسیر تردد', 1),
(4, NULL, NULL, 'رول بولت', 'دستگاه جوش', 'سرعت باد : 14KM/H', 'حفاظ گذاری مناطق پرتگاهی', 1),
(5, NULL, NULL, 'پیچ و انکر بولت', 'تراز لیزری', NULL, 'تامین جایگاه کاری ایمن', 1),
(6, NULL, NULL, 'میلگرد', NULL, NULL, 'تامین روشنائی', 1),
(7, NULL, NULL, 'الکترود', NULL, NULL, 'کنترل محیط و ابزار', 1),
(8, NULL, NULL, 'پلیت', NULL, NULL, NULL, 1),
(9, 'آیتم شماره یک دیسیپلین کرسی چینی', 'یسکپکسیپب', 'پیسبکسی', 'کمویبوکمسی', 'کپسکیبسی', 'پسیپبیسپ', 2),
(10, 'سیبسی', 'بسیبس', 'سیبس', 'ندارد', 'ندارد', 'ندارد', 2),
(11, 'چک لیست اجرای عملیات بتن ریزی', 'نقشه های شاپ', 'مواد ترمیم', 'فرز', 'دما بین 5 الی 35 درجه سانتیگراد', 'تجهیزات حفاظت فردی', 34),
(12, '', 'طرح اختلاط متریال', 'چسب بتن', 'پارچه تنظیف', '', 'کنترل سلامت تجهیزات و ابزارآلات', 34),
(13, '', 'تایید طرح ارائه شده مشاور', 'گروت', 'فرچه سیمی', '', 'روشنایی محیط کار', 34),
(14, '', 'تایید مواد ترمیم', '', 'هم زن', '', 'کنترل نظافت محیط کار', 34),
(15, '', '', '', 'متر', '', 'استفاده از سیم سیار استاندارد', 34),
(16, '', '', '', 'نراز لیزری', '', 'استفاده از داربست و سکو با تگ سبز', 34),
(17, '', '', '', 'دریل تخریب (پیکور)', '', '', 34),
(18, '', '', '', 'قالب', '', '', 34),
(19, '', '', '', 'کارواش قوی یا واتر جت صنعتی', '', '', 34),
(29, 'چک لیست دیوارچینی (برای نرده‌های دیوار)', 'نقشه های شاپ', 'انوع قوطی', 'دریل', 'دمای محیطی بالای ۵ درجه سانتی گراد', 'تجهیزات حفاظت فردی', 31),
(30, 'چک لیست نصب پنجره (برای حفاظ پنجره)', '', 'پیچ رول بولت', 'متر', '', 'تامین جایگاه کاری ایمن و نصب تگ سبز', 31),
(31, 'چک لیست سنگ پله (برای راه پله)', '', 'پلیت', 'پروفیل بر', '', 'حفاظ گذاری مناطق پرتگاهی', 31),
(32, '', '', 'صفحه ساب', 'مینی فرز', '', 'نظافت محیط کار', 31),
(33, '', '', 'صفحه برش', 'پیچ بند برقی', '', 'تامین روشنایی', 31),
(34, '', '', 'ضد زنگ', 'تراز دستی', '', 'تابلو برق و سیتم سیار ایمن', 31),
(35, '', '', '', 'سیم سیار', '', '', 31),
(36, '', '', '', 'قلمو و غلطک', '', '', 31),
(37, '', '', '', 'تراز لیزری', '', '', 31),
(38, 'چک لیست لوله کشی', 'نقشه‌های شاپ', 'شیر آلات', ' دریل', '', 'تجهیزات حفاظت فردی', 30),
(39, 'چک لیست کاشی کاری', 'نقشه های ازبیلت تاسیسات مکانیکال', 'روپیچ و توپیچ', 'تراز لیزری', '', 'تامین جایگاه کاری ایمن و نصب تگ سبز', 30),
(40, 'چک لیست سرامیک کف', '', 'قالپاق شیر', 'متر', '', 'نظافت محیط کار', 30),
(41, 'چک لیست نصب سقف کاذب', '', 'توالت فرنگی', 'مینی فرز', '', 'تابلو برق و سیم سیار ایمن', 30),
(42, '', '', 'فلاشتانک', 'پیچ بند برقی', '', 'تامین روشنایی', 30),
(43, '', '', 'وان', 'انواع آچار', '', '', 30),
(44, '', '', 'اتصالات', 'انواع پیچ و رول پلاک', '', '', 30),
(45, '', '', 'شلنگ پیسوار', '', '', '', 30),
(46, '', '', 'روشویی', '', '', '', 30),
(47, '', '', 'نوار تفلون', '', '', '', 30),
(48, '', '', 'سینک', '', '', '', 30),
(49, '', '', 'بوگیر فرنگی', '', '', '', 30),
(50, '', '', 'زیرآب و سیفون', '', '', '', 30),
(51, '', '', 'چسب سیلیکون آنتی باکتریال', '', '', '', 30),
(52, '', '', 'شیر پیسوار فیلتر دار', '', '', '', 30),
(53, 'صورت‌جلسه نقشه‌برداری', 'نقشه‌های پایدارسازی گود', 'سیمان', 'دریل واگن', 'عدم بارش', 'مجوز راهور', 35),
(54, '', '  صورت‌جلسه تحویل زمین', 'سنترالایزر (اسپیسر)', 'مخلوط کن', 'شرایط دمایی بین 5 تا 38 درجه سانتی گراد', 'تامین روشنایی لازم', 35),
(55, '', '  تاییدیه ترتیب و روش اجرا', '  صفحه فولادی', 'همزن', '', 'تجهیزات حفاظت فردی', 35),
(56, '', 'نتایج آزمایش ژئوتکنیک', 'سیم آرماتوربندی', 'کمپرسور هوا', '', 'انبارداری مایعات اشتعالزا', 35),
(57, '', 'تاییدیه نوع و تعداد ماشین‌آلات', 'آب', 'دستگاه پمپ شاتکریت', '', 'گواهینامه رانندگی ماشین‌آلات', 35),
(58, '', 'نقشه‌های شاپ', 'مهره و واشر و کوپلر', 'ماشین‌آلات سنگین مورد نیاز', '', ' ایمنی فضای تردد', 35),
(59, '', 'نقشه‌های سازه', 'شبکه میلگرد', '', '', '', 35),
(60, '', 'استعلام محل عبور تاسیسات اصلی شهری', 'افزودنی استاندارد', '', '', '', 35),
(61, '', 'پلان ترافیکی', 'ماسه', '', '', '', 35),
(62, '', '', 'کابل و غلاف استرند', '', '', '', 35),
(63, '', '', ' افزودنی‌های شاتکریت', '', '', '', 35),
(64, '', '', 'میلگرد آجدار 3', '', '', '', 35),
(65, '', '', ' شیلنگ تزریق و شاتکریت', '', '', '', 35),
(66, 'چک لیست خاکبرداری دستی و رسیدن به رقوم نهایی کف', 'نتایج آزمایش تراکم بستر', 'بتن با عیار 150', 'تخته ماله', 'دمای هوا بین 5 تا 38 درجه سانتیگراد', 'مجوز راهور', 37),
(67, 'چک لیست عایق گود با مصالح ژئوسنتتیک', 'طرح اختلاط تائید شده', 'آب', 'شمشه', 'عدم وجود یخ یا برف بر روی سطح', '  تامین روشنایی لازم', 37),
(68, '', 'تعریف محدوده بتن ریزی', 'روان کننده مجاز', 'لوازم نمونه گیری آزمایشگاه', 'عدم بارش', 'تجهیزات حفاظت فردی', 37),
(69, '', 'استاندارد کارخانه بتن', '', 'پمپ بتن', '', 'کنترل ایمنی ماشین آلات و دستگاه ها', 37),
(70, 'چک لیست آرماتور بندی فونداسیون', 'نقشه های سازه', 'کابل گالوانیزه', 'آچار پرس کابلشو', '', 'حفاظ گذاری مناطق پرتگاهی', 4),
(71, 'چک لیست قالب بندی فونداسیون', 'نقشه های الکتریکال', 'کلمپ', '', '', 'تجهیزات حفاظت فردی', 4),
(72, '', 'نقشه های ارتینگ', 'راد', '', '', 'نظافت محیط کار', 4),
(73, '', '', 'سیمان', '', '', 'ایمنی مسیر تردد', 4),
(74, '', '', 'کابلشو', '', '', 'روشنایی محیط کار', 4),
(75, '', '', '', '', '', '', 4),
(76, 'چک لیست آرماتور بندی فونداسیون', 'نقشه های سازه', 'گازوییل', 'قالب', '', 'تجهیزات حفاظت فردی', 5),
(77, 'چک لیست سیستم ارتینگ', 'نقشه های سازه', 'نایلون شناژ', 'سولجر', '', 'حفاظ گذاری مناطق پرتگاهی', 5),
(78, '', '', 'روغن', 'پین و گوه و گیره', '', 'نگهداری مایعات اشتعالزا', 5),
(79, '', '', 'اسپیسر', 'لوله داربست', '', 'کنترل نظافت محیط کار', 5),
(80, '', '', 'سیم مفتول 2/5', '', '', 'ایمنی مسیر تردد', 5),
(81, '', '', '', '', '', 'روشنایی محیط کار', 5),
(82, 'چک لیست قالب بندی فونداسیون', 'استاندارد کارخانه بتن', 'بتن آماده', 'ویبراتور اصلی و شلنگ ویبره', 'دما بین5 الی 38 درجه سانتیگراد', 'تامین روشنایی لازم', 6),
(83, 'چک لیست سیستم ارتینگ', 'مجوز راهور', 'آب', '  ویبراتور یدکی و شلنگ ویبره', 'عدم بارش باران و برف', 'پوشش بازشوها و داکت‌ها', 6),
(84, '', 'تاییدیه طرح اختلاط', 'افزودنی های مجاز', 'تخته ماله', '', 'نظافت محیط کار', 6),
(85, '', 'تاییدیه افزودنی های مجاز', 'بنزین', '  دستکش و چکمه پلاستیکی', '', 'تجهیزات حفاظت فردی', 6),
(86, '', '', '', ' پمپ بتن', '', 'کنترل ایمنی ترافیکی', 6),
(87, '', '', '', 'شمشه ماله', '', 'کنترل ایمنی مسیر تردد', 6),
(88, '', '', '', ' تراز لیزری', '', '', 6),
(89, '', '', '', 'لوازم نمونه گیری آزمایشگاه', '', '', 6),
(90, 'چک لیست بتن ریزی فنداسیون', '', '', 'چکش', '', 'تجهیزات حفاظت فردی', 38),
(91, '', '', '', 'دیلم', '', 'ایمنی مسیر تردد', 38),
(92, '', '', '', '', '', '', 38),
(93, '', '', '', '', '', '', 38),
(94, '', '', '', '', '', '', 38),
(95, '', '', '', '', '', '', 38),
(96, 'چک لیست بتن ریزی فونداسیون', 'لیست خم و برش', 'میلگرد', 'دستگاه خم و برش', 'دمای هوا بیشتر از 5-', 'روشنایی محیط  کار', 8),
(97, '', 'نقشه های شاپ', 'سیم آرماتوربندی', 'چهار پایه', 'میلگرد عاری از هرگونه آلودگی', 'تجهیزات حفاظت فردی', 8),
(98, '', 'نقشه های سازه', 'رامکا', 'انبر', '', 'نصب کپ میلگرد', 8),
(99, '', 'نقشه  هم بندی', '', '', '', 'کنترل تخته ریزی', 8),
(100, '', '', '', '', '', 'پوشش بازشوها و داکت‌ها', 8),
(101, '', '', '', '', '', 'داربست ایمن با تگ سبز', 8),
(102, '', '', '', '', '', 'نظافت سکو و محیط کار', 8),
(103, 'چک لیست آرماتوربندی ستون و دیوار', 'نقشه های سازه', 'گازوییل', 'قالب', 'عدم بارش', 'تجهیزات حفاظت فردی', 9),
(104, 'چک لیست عایق گود', 'نقشه هم بندی', 'لوله داربست', 'لوله داربست', '', 'کنترل نصب کپ میلگرد', 9),
(105, '', 'نقشه های شاپ', 'سیم مفتول 2/5', 'براکت', '', 'نظافت سکو و محیط کار', 9),
(106, '', 'تاییدیه کیفیت قالب های مورد استفاده', 'اسپیسر', 'قالب کنج', '', 'داربست ایمن با تگ سبز', 9),
(107, '', '', '', '  مهره و بولت', '', 'روشنایی محل کار', 9),
(108, '', '', '', '  پلاستوفوم', '', 'کنترل اتصالات جهت لیفت قالب', 9),
(109, '', '', '', 'پین و گوه', '', 'کنترل تخته ریزی', 9),
(110, '', '', '', 'سولجر', '', 'کنترل ایمن بودن تجهیزات شاقول کردن قالب', 9),
(111, '', '', '', '', '', '', 9),
(112, '', '', '', '', '', '', 9),
(113, 'چک لیست آرماتوربندی ستون و دیوار', 'نقشه همبندی', 'میلگرد', 'دستگاه خم و برش', 'دمای هوا بیشتر از 5-', 'تجهیزات حفاظت فردی', 10),
(114, '', 'نقشه های سازه', 'سیم آرماتوربندی', 'چهار پایه', 'میلگرد عاری از هرگونه آلودگی', 'ایمین مسیر تردد', 10),
(115, '', '', 'اتصالات', 'انبر و دستگاه جوش', '', 'تابلو برق استاندارد', 10),
(116, '', '', '', '', '', 'تامین روشنایی', 10),
(117, '', '', '', '', '', 'داربست ایمن با تگ سبز', 10),
(118, '', '', '', '', '', '', 10),
(119, '', '', '', '', '', '', 10),
(120, '', '', '', '', '', '', 10),
(121, '', '', '', '', '', '', 10),
(122, '', '', '', '', '', '', 10),
(123, 'چک لیست قالب بندی ستون و دیوار', 'استاندارد کارخانه بتن', 'بتن آماده', 'ویبراتور اصلی و شلنگ ویبره', 'دما بین 5 الی 38 درجه سانتیگراد', 'داربست ایمن و تگ سبز', 11),
(124, '', 'مجوز راهور', 'افزودنی های مجاز', '  دستکش و چکمه پلاستیکی', 'عدم بارش باران و برف', 'تجهیزات حفاظت فردی', 11),
(125, '', 'تاییدیه طرح اختلاط', 'آب', 'ویبراتور یدکی و شلنگ ویبره', '', 'کنترل نصب کپ میلگرد', 11),
(126, '', 'تاییدیه افزودنی های مجاز', 'بنزین', '  پمپ بتن', '', 'کنترل تخته ریزی', 11),
(127, '', '', '', 'چکش پلاستیکی', '', 'کنترل تجهیزات شاغول کردن قالب‌ها', 11),
(128, '', '', '', '  لوازم نمونه گیری آزمایشگاه', '', 'روشنایی محیط کار', 11),
(129, '', '', '', '', '', 'نظافت سکو و محیط کار', 11),
(130, '', '', '', '', '', 'کنترل ایمنی ترافیکی', 11),
(131, '', '', '', '', '', '', 11),
(132, '', '', '', '', '', '', 11),
(133, '', '', '', '', '', '', 11),
(134, '', '', '', '', '', '', 11),
(135, 'چک لیست بتن ریزی ستون و دیوار', 'رعایت زمان قالب برداری', '', 'چکش', '', 'تجهیزات حفاظت فردی', 12),
(136, '', '', '', 'دیلم', '', 'تجهیزات ایمنی کار در ارتفاع', 12),
(137, '', '', '', '', '', 'نظافت سکو و محیط کار', 12),
(138, '', '', '', '', '', 'داربست ایمن با تگ سبز', 12),
(139, '', '', '', '', '', 'روشنایی محل کار', 12),
(140, '', '', '', '', '', 'کنترل اتصالات جهت لیفت قالب', 12),
(141, '', '', '', '', '', ' کنترل تخته ریزی', 12),
(142, '', '', '', '', '', ' کنترل برش میلگردهای بیرون زده از کف', 12),
(143, 'چک لیست قالب برداری ستون و دیوار', 'نقشه های سازه', 'گازوییل', 'تراز لیزری', '', 'نظافت محیط کار و لبه پرتگاه', 13),
(144, '', '', 'سیم مفتول 2/5 ', 'پین و گوه', '', 'تجهیزات حفاظت فردی', 13),
(145, '', '', '', 'جک و سرجک', '', 'ایمنی مسیر تردد', 13),
(146, '', '', '', 'اسکافلد', '', 'روشنایی محیط کار', 13),
(147, '', '', '', 'قالب', '', 'پوشش بازشوها و داکت‌ها', 13),
(148, '', '', '', '', '', 'کنترل اتصالات میز پرنده', 13),
(149, '', '', '', '', '', 'لایف لاین و حفاظ گذاری مناطق پرتگاهی و نصب حفاظ 3گانه یا توری عمودی لبه پرتگاه', 13),
(150, '', '', '', '', '', '', 13),
(151, '', '', '', '', '', '', 13),
(152, '', '', '', '', '', '', 13),
(153, '', '', '', '', '', '', 13),
(154, '', '', '', '', '', '', 13),
(155, 'چک لیست قالب بندی کف تیر', 'لیست خم و برش', 'اسپیسر', 'انبر', 'دمای هوا بیشتر از 5-', 'کنترل روشنایی محیط کار', 14),
(156, '', 'نقشه‌های سازه', 'میلگرد', 'دستگاه خم و برش', 'میلگرد عاری از هرگونه آلودگی', 'کنترل نظافت محیط کار و لبه پرتگاه‌ها', 14),
(157, '', 'نقشه‌های شاپ', 'سیم آرماتوربندی', 'نردبان', '', 'کنترل لایف لاین مقاطع', 14),
(158, '', '', '', '', '', 'حفاظ گذاری مناطق پرتگاهی', 14),
(159, '', '', '', '', '', 'کنترل پوشش بازشوها و داکت‌ها', 14),
(160, '', '', '', '', '', 'کنترل تجهیزات حفاظت فردی متناسب با کار', 14),
(161, 'چک لیست اجرای آرماتوربندی تیر', 'نقشه سازه', 'گازوییل', 'قالب', '', 'نظافت محیط کار و لبه پرتگاه', 15),
(162, '', 'نقشه‌های شاپ', 'سیم مفتول 2/5', 'لوله داربست', '', 'تجهیزات حفاظت فردی', 15),
(163, '', '', 'پروفیل قوطی', 'اسکافلد', '', 'ایمنی مسیر تردد', 15),
(164, '', '', '', 'پین و گوه', '', 'روشنایی محیط کار', 15),
(165, '', '', '', 'جک و سر جک', '', 'پوشش بازشوها و داکت‌ها', 15),
(166, '', '', '', 'تراز لیزری', '', 'کنترل اتصالات میز پرنده', 15),
(167, '', '', '', '', '', 'لایف لاین و حفاظ گذاری مناطق پرتگاهی و نصب حفاظ 3گانه یا توری عمودی لبه پرتگاه', 15),
(168, 'چک لیست قالب بندی سقف دال', 'نقشه های سازه', 'میلگرد', 'انبر', 'دمای هوا بیشتر از 5-', 'حفاظ گذاری مناطق پرتگاهی', 16),
(169, '', 'نقشه هم بندی', 'سیم آرماتوربندی', 'دستگاه خم و برش', 'میلگرد عاری از هرگونه آلودگی', 'تجهیزات حفاظت فردی', 16),
(170, '', 'لیست خم و برش', 'اسپیسر', 'نردبان', '', 'نظافت محیط کار و لبه پرتگاه‌ها', 16),
(171, '', 'نقشه های شاپ', '', '', '', 'پوشش بازشوها و داکت‌ها', 16),
(172, '', '', '', '', '', 'روشنایی محیط کار', 16),
(173, 'چک لیست آرماتوربندی سقف دال', 'نقشه های سازه', 'میلگرد', 'انبر و دستگاه جوش', 'دمای هوا بیشتر از 5-', 'تجهیزات حفاظت فردی', 17),
(174, '', 'نقشه هم بندی', 'سیم آرماتوربندی', 'دستگاه خم و برش', 'میلگرد عاری از هرگونه آلودگی', 'تامین روشنائی', 17),
(175, '', '', '', '', '', 'تجهیزات کار در ارتفاع', 17),
(176, '', '', '', '', '', 'حفاظ گذاری مناطق پرتگاهی', 17),
(177, 'چک لیست آرماتوربندی سقف و تیر', 'استاندارد کارخانه بتن', 'بتن آماده', 'ویبراتور اصلی و شلنگ ویبره', 'دما بین 5 الی 38 درجه سانتیگراد', 'حفاظ‌گذاری مناطق پرتگاهی', 18),
(178, 'کنترل نصب وادارهای سقف طبقه پایین', 'مجوز راهور', 'افزودنی های مجاز', 'دستکش و چکمه پلاستیکی', 'عدم بارش باران و برف', 'روشنایی محیط کار', 18),
(179, '', 'تاییدیه طرح اختلاط', 'آب', 'ویبراتور یدکی و شلنگ ویبره', '', 'ایمنی ترافیکی', 18),
(180, '', 'تاییدیه افزودنی های مجاز', 'بنزین', 'پمپ بتن', '', 'نظافت محیط کار و لبه پرتگاه', 18),
(181, '', 'سپری شدن زمان مجاز به منظور بارگذاری روی سقف طبقه پایین', '', 'چکش پلاستیکی', '', 'ایمنی مسیر تردد', 18),
(182, '', '', '', 'لوازم نمونه گیری آزمایشگاه', '', 'تجهیزات حفاظت فردی', 18),
(183, '', '', '', '', '', 'پوشش بازشوها و داکت‌ها', 18),
(184, 'چک لیست بتن ریزی تیر و سقف', 'کنترل تاریخ بتن ریزی تیر و سقف و سپری شدن زمان لازم برای باز کردن قالب یا برداشتن جک طبق جدول 6-3-6 صفحه 360 نشریه 55', '', 'چکش', '', 'حفاظ گذاری مناطق پرتگاهی', 19),
(185, '', '', '', 'دیلم', '', 'تجهیزات حفاظت فردی ', 19),
(186, '', '', '', '', '', 'پوشش بازشوها', 19),
(187, '', '', '', '', '', 'نظافت محیط کار', 19),
(188, '', '', '', '', '', 'کنترل اتصالات میز پرنده', 19),
(189, '', '', '', '', '', 'پوشش داکت‌ها', 19),
(190, '', '', '', '', '', 'روشنایی محیط کار', 19),
(191, '', '', '', '', '', 'کنترل سکوی کار جهت باز کردن بغل تیر', 19),
(192, 'چک لیست بتن ریزی فونداسیون', 'ابعاد میله و انبار چاه', 'کول', 'طناب', 'عدم بارش', 'تجهیزات حفاظت فردی', 20),
(193, 'چک لیست قالب‌برداری اولین سقف', '', 'آجر', 'تیشه', '', 'ایمنی مسیر تردد', 20),
(194, '', '', 'گلدانی', 'دلو', '', 'حفاظ گذاری مناطق پرتگاهی', 20),
(195, '', '', '', 'بیلچه', '', 'تامین هوای تازه', 20),
(196, '', '', '', 'بالابر', '', 'تامین روشنائی', 20),
(197, '', '', '', 'هواکش', '', 'سلامت سیم بکسل بالابر', 20),
(198, '', 'نقشه‌های تقویت سازه', 'رزین اپوکسی', 'مینی فرز', 'دمای محیط بیشتر از 5 درجه سانتی‌گراد ', 'تجهیزات حفاظت فردی', 21),
(199, '', 'دستورالعمل محصولات', 'الیاف کربن', 'کمپرسور هوا', 'خشکی سطوح', 'تجهیزات کار در ارتفاع', 21),
(200, '', '', 'هاردنر', 'صفحه ساب زنی', '', 'حفاظ گذاری مناطق پرتگاهی', 21),
(201, '', '', '', 'غلتک دستی', '', 'ایمنی سکوی کار', 21),
(202, '', '', '', 'کاتر یا قیچی دندانه ریز', '', 'تامین روشنائی', 21),
(203, '', '', '', '', '', 'ایمنی انبارداری مواد قابل اشتعال', 21),
(212, 'اسکن سطح بتن جهت مشخص کردن محل میلگردها', 'نقشه‌های تقویت سازه', 'آهن آلات', 'دستگاه جوش', 'خشک بودم محل نصب ', 'تجهیزات حفاظت فردی', 22),
(213, '', 'مدارک و مستندات اصالت کالای راد', 'پیچ و مهره', 'سنگ فرز', 'دمای 5 تا 25 درجه', 'ایمنی سکوی کار', 22),
(214, '', 'نقشه شاپ', 'مهره و واشی', 'دستگاه کر گیر', '', 'حفاظ گذاری مناطق پرتگاهی', 22),
(215, '', 'مدارک و مستندات اصالت کالای چسب (تاریخ انقضا و شرایط نگهداری)', 'گروت', 'اون اکترود', '', 'محصور سازی', 22),
(216, '', '', 'راد و بولت', 'دریل و مته', '', 'تامین روشنائی', 22),
(217, '', '', 'الکترود', 'ادوات نظافت (فرچه و تلمبه باد)', '', '', 22),
(218, '', '', 'چسب شیمیایی کاشت', 'هوا برش', '', '', 22),
(219, '', '', '', 'ادوات تزریق', '', '', 22),
(220, ' چک لیست بتن ریزی فونداسیون', 'نقشه مصوب', 'پیچ و مهره و واشر', 'آچارمتر', 'عدم بارش', ' تجهیزات حفاظت فردی', 23),
(221, ' چک لیست ساخت اسکلت فلزی', 'تاییدیه پکینگ لیست خروجی قطعات از کارخانه', ' الکترود', 'اون الکترود', 'عدم وزش باد', 'ایمنی باربرداری', 23),
(222, ' چک لیست نصب بیس پلیت و انکربولت', 'نقشه شاپ', ' مقاطع آماده', 'دستگاه هوابرش', '', ' کنترل وسایل ارتباطی اپراتور و ریگر', 23),
(223, ' چک لیست نصب مرحله قبلی اسکلت فلزی', ' تاییدیه ناظر ساخت', ' ورق‌های سخت کننده', 'دریل مگنت', '', ' کنترل لایف لاین عمودی و افقی و راه‌های دسترسی', 23),
(224, '', 'دستورالعمل جوشکاری (WPS)', '', 'دستگاه جوش', '', ' محصورسازی و نصب علائم', 23),
(225, '', '', '', 'ایمپکتور بادی یا برقی', '', ' کنترل ادوات باربرداری', 23),
(226, '', '', '', 'آچار F', '', ' تامین روشنایی', 23),
(227, '', '', '', 'کمپرسور باد', '', ' کنترل استفاده از پتوی نسوز', 23),
(228, '', '', '', 'تیفور', '', '', 23),
(229, 'چک لیست نصب اسکلت فلزی', '', 'ورق عرشه فولادی', 'دستگاه جوش گل میخ', 'عدم بارش', 'تجهیزات حفاظت فردی', 24),
(230, '', '', 'اسپیسر', 'دستگاه برش پلاسما', '', 'محصور سازی سطوح پایینی', 24),
(231, '', '', 'گل میخ', 'انبر', '', 'ایمنی کار گرم', 24),
(232, '', '', 'میلگرد', 'فرز', '', 'کنترل نصب لایف لاین عمودی و افقی و H', 24),
(233, '', '', 'فلاشینگ', '', '', '', 24),
(234, '', '', 'سیم آرماتوربندی', '', '', '', 24),
(235, 'چک لیست اجرای اسکلت فلزی', 'دستورالعمل الزامات آتش نشانی', 'آب', 'سنگ فرز', 'دمای فولاد بین 4 تا 50 درجه سانتی‌گراد', 'تجهیزات حفاظت فردی', 25),
(236, 'چک لیست اجرای سقف عرشه فولادی', 'نقشه شاپ', 'مواد معدنی ضد حریق', 'دستگاه واتر جت', 'عدم وزش باد', 'ایمنی مسیر تردد', 25),
(237, '', 'طرح اختلاط', 'توری سنگین', 'پین مسی', '', 'ایمنی ادوات پاشش', 25),
(238, '', '', 'پشم سنگ', 'دستگاه شاتکریت', '', 'حفاظ گذاری مناطق پرتگاهی', 25),
(239, '', '', 'پرایمر', 'دستگاه جوش', '', 'ایمنی سکوی کار', 25),
(240, '', '', '', '', '', 'کنترل ارتینگ دستگاه', 25),
(241, '', '', '', '', '', 'تامین روشنایی', 25),
(242, '', '', '', '', '', 'محصورسازی محیط کار', 25),
(243, ' چک لیست پایدارسازی گود', ' نقشه شاپ', 'سیمان', 'بیل مکانیکی', 'عدم بارش', 'تجهیزات حفاظت فردی', 26),
(244, 'چک لیست اجرای عایق رطوبتی روی دیوار حایل', '', 'ژئو تکستایل', '', '', 'نظافت محیط کار', 26),
(245, 'چک لیست خاکبرداری دستی و رسیدن به رقوم نهایی کف', '', 'ماسه', '', '', 'حفاظ گذاری مناطق پرتگاهی', 26),
(246, '', '', 'مصالح فیلتر با قطر حداقل 15 سانتی‌متر', '', '', 'تامین روشنائی', 26),
(247, '', '', ' لوله HDPE شیاردار', '', '', '', 26),
(248, 'چک لیست دیوارچینی', 'نقشه‌های شاپ', 'رنگ', ' ایرلس ', 'عدم بارش و احتمال بارش', 'تجهیزات حفاظت فردی', 40),
(249, 'چک لیست سیمانکاری نما', 'کارلاژ نقاشی', 'نوار چسب', 'قلمو', 'عدم وزش باد', 'تامین جایگاه کاری ایمن و نصب تگ سبز', 40),
(250, 'مدارک و استانداردهای رنگ و مشخصات فنی جهت استفاده در فضای باز و مقاوم در برابر باران‌های اسیدی و اشعه UV و تابش مستقیم آفتاب، مقاوم دربرابر رشد قارج و باکتری، ضد آب بودن و مقاوم در برابر مواد قلیایی', '', 'کاور نایلونی', 'غلطک رنگ', 'دما بالای 10+ سانتیگراد', 'نظافت محیط کار', 40),
(251, 'چک لیست نقاشی سقف بالکن ها', '', 'مواد افزودنی و حلال', 'همزن برقی رنگ', '', 'تایید داربست ایمن با تگ سبز', 40),
(252, 'چک لیست تاسیسات الکتریکال مربوطه ', '', '', '', '', 'وجود کپسول اطفا حریق', 40),
(253, 'چک لیست نصب پنجره', '', '', '', '', 'تجهیزات ایمنی کار در ارتفاع', 40),
(254, 'چک لیست سرامیک کف بالکن‌ها', '', '', '', '', '', 40),
(255, 'کاور سطوح', '', '', '', '', '', 40),
(256, 'چک لیست دیوارچینی', 'نقشه‌های شاپ شاسی کشی', 'قوطی و آهن آلات', ' پروفیل بر ', 'عدم بارش', 'تجهیزات حفاظت فردی', 32),
(257, 'چک لیست سیمانکاری نما', 'تایید آهنکشی توسط مشاور سازه', 'پلیت', 'دستگاه جوش', 'عدم وزش باد', 'تامین جایگاه کاری ایمن و نصب تگ سبز', 32),
(258, '', '', 'انکر بولت', 'فرز', 'دما بالای 5+ سانتیگراد', 'نظافت محیط کار', 32),
(259, '', '', 'تینر', 'غلطک و قلمو', '', 'تایید داربست ایمن با تگ سبز', 32),
(260, '', '', 'ضد زنگ', 'دریل', '', 'وجود کپسول اطفا حریق', 32),
(261, '', '', '', 'جعبه ابزار', '', 'تجهیزات ایمنی کار در ارتفاع', 32),
(262, '', '', '', 'انبر', '', '', 32),
(263, '', '', '', 'تراز لیزری', '', '', 32),
(264, '', '', '', 'متر', '', '', 32),
(265, 'چک لیست اسکلت فلزی', 'نقشه‌های شاپ', 'متریال ضدحریق', ' واتر جت ', 'عدم بارش و احتمال بارش', 'تجهیزات حفاظت فردی', 41),
(266, 'چک لیست سقف عرشه', 'تاییدات سازمان آتشنشانی جهت متریال و مجری', 'توری مرغی', 'میکسر', 'عدم وزش باد', 'تامین جایگاه کاری ایمن و نصب تگ سبز', 41),
(267, 'ارائه تست شیت چسبندگی رنگ سازه به اهن‌الات اسکلت و چسبندگی مواد ضدحریق به رنگ و ضد زنگ سازه', 'کاتالوگ محصول', 'مواد شوینده', 'دستگاه شات', 'دما محیطی 5+ تا 45+ سانتیگراد', 'نظافت محیط کار', 41),
(268, 'آزمایش تست شیت مطابقت مشخصات فنی اعلامی محصول با متریال وارده به پروژه', 'برگه طراحی مقاوم سازی المان‌های سازهای در برابر حریق', '', 'ظرف اب مدرج', '', 'تامین خرک متحرک با چرخ قفل شونده', 41),
(269, '', 'طرح اختلاط', '', 'پیمانه', '', 'تجهیزات ایمنی کار در ارتفاع', 41),
(270, '', 'محاسبات و تاییدات مشاور اتشنشانی جهت زمان مقاومت در برابر حریق بر اساس نوع پروژه', '', 'چهار پایه چرخ دار', '', 'پوشش لازم جهت جلوگیری از پاشش مواد به اطراف', 41),
(271, 'چک لیست سقف عرشه فولادی', 'استاندارد کارخانه بتن', 'بتن آماده', 'ویبراتور اصلی و شلنگ ویبره', 'دما بین 5 الی 38 درجه سانتیگراد', 'حفاظ‌گذاری مناطق پرتگاهی', 27),
(272, '', 'مجوز راهور', 'افزودنی های مجاز', 'دستکش و چکمه پلاستیکی', 'عدم بارش باران و برف', 'روشنایی محیط کار', 27),
(273, '', ' تاییدیه طرح اختلاط', 'آب', 'ویبراتور یدکی و شلنگ ویبره', '', 'ایمنی ترافیکی', 27),
(274, '', 'تاییدیه افزودنی های مجاز', 'بنزین', 'پمپ بتن', '', 'نظافت محیط کار و لبه پرتگاه', 27),
(275, '', '', '', 'چکش پلاستیکی', '', 'ایمنی مسیر تردد', 27),
(276, '', '', '', 'لوازم نمونه گیری آزمایشگاه', '', 'تجهیزات حفاظت فردی', 27),
(277, '', '', '', '', '', 'پوشش بازشوها و داکت‌ها', 27);

-- --------------------------------------------------------

--
-- Table structure for table `permititemsselectiondone`
--

CREATE TABLE `permititemsselectiondone` (
  `id` int(11) NOT NULL,
  `discipline_id` text DEFAULT NULL,
  `dateTimeCreated` text DEFAULT NULL,
  `permit_id` text NOT NULL
) ENGINE=InnoDB DEFAULT CHARSET=utf8mb4 COLLATE=utf8mb4_unicode_ci;

--
-- Dumping data for table `permititemsselectiondone`
--

INSERT INTO `permititemsselectiondone` (`id`, `discipline_id`, `dateTimeCreated`, `permit_id`) VALUES
(22, '1', '2024-07-03 10:59:44', 'PNE-P-202004-44714'),
(23, '1', '2024-07-06 13:41:34', 'PNE-P-202004-117286'),
(24, '1', '2024-07-07 14:36:37', 'PNE-P-202004-623339'),
(25, '1', '2024-07-07 14:47:14', 'PNE-P-202004-439450'),
(26, '1', '2024-07-08 06:51:19', 'PNE-P-202004-977546'),
(27, '1', '2024-08-16 13:10:37', 'PNE-P-202004-818917'),
(28, '1', '2024-08-17 06:37:45', 'CNT-P-301015-818918'),
(29, '1', '2024-08-17 07:13:52', 'CNT-P-301015-818919'),
(30, '1', '2024-09-03 10:21:29', 'CNT-P-301015-000001'),
(31, '1', '2024-09-03 13:54:04', 'ESK-P-301015-001000'),
(32, '1', '2024-09-03 16:30:00', 'ESK-P-301015-001001'),
(33, NULL, '2024-09-03 16:32:01', 'ESK-P-301015-001001'),
(34, NULL, '2024-09-03 16:41:23', 'ESK-P-301015-001001'),
(35, '2', '2024-09-03 17:21:25', 'ESK-P-301015-001002'),
(36, '2', '2024-09-04 00:33:31', 'ESK-P-301015-001003'),
(37, '2', '2024-09-04 17:42:30', 'ESK-P-301015-001004'),
(38, '2', '2024-09-05 08:19:46', 'ESK-P-301015-001005'),
(39, '2', '2024-09-05 13:34:23', 'ESK-P-301015-001006'),
(40, '34', '2024-09-11 14:39:06', 'ESK-P-301015-000000');

-- --------------------------------------------------------

--
-- Table structure for table `permits`
--

CREATE TABLE `permits` (
  `id` int(11) NOT NULL,
  `project_name` varchar(255) NOT NULL,
  `contractor_name` varchar(255) NOT NULL,
  `contract_number` varchar(50) NOT NULL,
  `discipline` varchar(100) NOT NULL,
  `crew` varchar(100) DEFAULT NULL,
  `axis` varchar(100) DEFAULT NULL,
  `floor` varchar(100) DEFAULT NULL,
  `block` varchar(100) DEFAULT NULL,
  `zone` varchar(100) DEFAULT NULL,
  `operation_description` text DEFAULT NULL,
  `time_to_action` varchar(50) DEFAULT NULL,
  `permit_credit` varchar(50) DEFAULT NULL,
  `permit_id` varchar(150) NOT NULL,
  `last_activity` text DEFAULT NULL,
  `checklistID` text DEFAULT NULL,
  `status` varchar(150) NOT NULL,
  `type` text DEFAULT NULL,
  `dateTimeCreated` text DEFAULT NULL,
  `file_name` text NOT NULL,
  `file_size` text NOT NULL,
  `file_data` text NOT NULL,
  `discipline_group` text DEFAULT NULL,
  `isIssued` text DEFAULT NULL,
  `protection` text DEFAULT NULL,
  `dir` text NOT NULL,
  `dateTimeDone` text DEFAULT NULL
) ENGINE=InnoDB DEFAULT CHARSET=utf8mb4 COLLATE=utf8mb4_unicode_ci;

--
-- Dumping data for table `permits`
--

INSERT INTO `permits` (`id`, `project_name`, `contractor_name`, `contract_number`, `discipline`, `crew`, `axis`, `floor`, `block`, `zone`, `operation_description`, `time_to_action`, `permit_credit`, `permit_id`, `last_activity`, `checklistID`, `status`, `type`, `dateTimeCreated`, `file_name`, `file_size`, `file_data`, `discipline_group`, `isIssued`, `protection`, `dir`, `dateTimeDone`) VALUES
(40, 'برج غربی پروژه اسکان', 'همپایه', 'ESK-CNT-301015-021121', 'عملیات اجرای وال پست', 'asdasd', 'asdas', 'dada', 'dasd', 'asdasda', 'asdasdasdadas', '1221212 days', '1403/06/25', 'ESK-P-301015-001000', '', '14', 'Accept', 'Permit', '2024-09-03 12:41:18', '../../uploads/ESK-P-301015-001000_2024-09-03/ins.png', '121312', '../../uploads/ESK-P-301015-001000_2024-09-03/ins.png', 'سفت کاری و نازک کاری', 'Yes', 'Yes', '../../uploads/ESK-P-301015-001000_2024-09-03/', '2024-09-03 16:28:42'),
(43, 'برج غربی پروژه اسکان', 'همپایه', 'ESK-CNT-301015-021121', 'کرسی چینی', 'سشی', 'شیشسی', 'شسیش', 'شسیشس', 'یشسیش', 'sadasdas', '211231231 hours', '', 'ESK-P-301015-001001', '', '12', 'issued', 'Permit', '2024-09-03 16:41:18', '../../uploads/ESK-P-301015-001001_2024-09-03/SecureAccess Verify.pdf', '406202', '../../uploads/ESK-P-301015-001001_2024-09-03/SecureAccess Verify.pdf', 'سفت کاری و نازک کاری', 'Yes', NULL, '../../uploads/ESK-P-301015-001001_2024-09-03/', NULL),
(44, 'برج غربی پروژه اسکان', 'همپایه', 'ESK-CNT-301015-021121', 'کرسی چینی', 'dfsdfsd', 'fsdfs', 'fsdf', 'fsdf', 'sdfsdfs', 'asdasda', '12 hours', '1403/06/26', 'ESK-P-301015-001002', '', NULL, 'Accept', 'Permit', '2024-09-03 17:21:19', '../../uploads/ESK-P-301015-001002_2024-09-03/mika.png', '30580', '../../uploads/ESK-P-301015-001002_2024-09-03/mika.png', 'سفت کاری و نازک کاری', 'Yes', 'Yes', '../../uploads/ESK-P-301015-001002_2024-09-03/', '2024-09-03 19:20:33'),
(45, 'برج غربی پروژه اسکان', 'همپایه', 'ESK-CNT-301015-021121', 'کرسی چینی', 'asd', 'asda', 'sdasd', 'sad', 'asda', 'asdas', '12 days', '1403/06/28', 'ESK-P-301015-001003', '', NULL, 'Accept', 'Permit', '2024-09-04 00:29:37', '../../uploads/ESK-P-301015-001003_2024-09-04/ins.png', '121312', '../../uploads/ESK-P-301015-001003_2024-09-04/ins.png', 'سفت کاری و نازک کاری', 'Yes', 'Yes', '../../uploads/ESK-P-301015-001003_2024-09-04/', '2024-09-04 00:53:26'),
(46, 'برج غربی پروژه اسکان', 'همپایه', 'ESK-CNT-301015-021121', 'کرسی چینی', 'asdas', 'dasd', 'asdas', 'sada', 'asda', 'sadas', '2121 days', '23 hours', 'ESK-P-301015-001004', 'ESK-C-301015-001003', NULL, 'Accept', 'Permit', '2024-09-04 16:50:28', '../../uploads/ESK-P-301015-001004_2024-09-04/Simple Product Launch Plan.png', '138133', '../../uploads/ESK-P-301015-001004_2024-09-04/Simple Product Launch Plan.png', 'سفت کاری و نازک کاری', 'Yes', 'Yes', '../../uploads/ESK-P-301015-001004_2024-09-04/', '2024-09-05 08:01:31'),
(47, 'برج غربی پروژه اسکان', 'همپایه', 'ESK-CNT-301015-021121', 'کرسی چینی', 'عطائی', 'دارایمحور عمودی', 'سوم شمالی', 'اول غربی', 'شماره ۳', 'دارای توضیحات خاصی نمی باشد.', '12 hours', '12 hours', 'ESK-P-301015-001005', '', NULL, 'Accept', 'Permit', '2024-09-05 08:18:08', '../../uploads/ESK-P-301015-001005_2024-09-05/Simple Product Launch Plan.png', '138133', '../../uploads/ESK-P-301015-001005_2024-09-05/Simple Product Launch Plan.png', 'سفت کاری و نازک کاری', 'Yes', 'Yes', '../../uploads/ESK-P-301015-001005_2024-09-05/', '2024-09-05 13:17:51'),
(48, 'برج غربی پروژه اسکان', 'همپایه', 'ESK-CNT-301015-021121', 'کرسی چینی', 'sadas', 'asda', 'jnn', 'mmkm', 'lmlmlm', 'sadasd', '1223333 days', NULL, 'ESK-P-301015-001006', '', NULL, 'issued', 'Permit', '2024-09-05 13:33:10', '../../uploads/ESK-P-301015-001006_2024-09-05/sa-v.svg', '98582', '../../uploads/ESK-P-301015-001006_2024-09-05/sa-v.svg', 'سفت کاری و نازک کاری', 'Yes', NULL, '../../uploads/ESK-P-301015-001006_2024-09-05/', NULL),
(49, 'برج غربی پروژه اسکان', 'همپایه', 'ESK-CNT-301015-021121', 'ترمیم بتن سازه ای', 'سیشسیشس', 'یشسی', 'شسیشس', 'یشسی', 'شسیش', 'سasdasdasda', '134 days', NULL, 'ESK-P-301015-000000', '', NULL, 'issued', 'Permit', '2024-09-11 14:38:58', '../../uploads/ESK-P-301015-000000_2024-09-11/1.png', '80168', '../../uploads/ESK-P-301015-000000_2024-09-11/1.png', 'گود و سازه', 'Yes', NULL, '../../uploads/ESK-P-301015-000000_2024-09-11/', NULL);

-- --------------------------------------------------------

--
-- Table structure for table `permit_status`
--

CREATE TABLE `permit_status` (
  `id` int(11) NOT NULL,
  `permit_id` varchar(150) DEFAULT NULL,
  `user_id` varchar(255) CHARACTER SET utf8mb4 COLLATE utf8mb4_unicode_ci DEFAULT NULL,
  `status` text DEFAULT NULL,
  `items` longtext CHARACTER SET utf8mb4 COLLATE utf8mb4_bin NOT NULL,
  `description` text NOT NULL,
  `dateTimeCreated` text NOT NULL,
  `discipline` varchar(200) NOT NULL
) ENGINE=InnoDB DEFAULT CHARSET=utf8mb4 COLLATE=utf8mb4_general_ci;

--
-- Dumping data for table `permit_status`
--

INSERT INTO `permit_status` (`id`, `permit_id`, `user_id`, `status`, `items`, `description`, `dateTimeCreated`, `discipline`) VALUES
(35, 'CNT-P-301015-000001', 'user1', 'in progress', '[\"\\u062a\\u062c\\u0647\\u06cc\\u0632\\u0627\\u062a \\u062d\\u0641\\u0627\\u0638\\u062a \\u0641\\u0631\\u062f\\u06cc\"]', 'asda', '2024-09-03 10:21:54', ''),
(36, 'CNT-P-301015-000001', 'owner', 'Accept', '[\"\\u0686\\u06a9 \\u0644\\u06cc\\u0633\\u062a \\u0639\\u0645\\u0644\\u06cc\\u0627\\u062a \\u0627\\u0633\\u06a9\\u0644\\u062a \\u062a\\u0631\\u0627\\u0632 \\u0645\\u0631\\u0628\\u0648\\u0637\\u0647\",\"\\u0646\\u0642\\u0634\\u0647 \\u0647\\u0627\\u06cc \\u0634\\u0627\\u067e \\u0628\\u0631\\u0627\\u0633\\u0627\\u0633 \\u0648\\u06cc\\u0631\\u0627\\u06cc\\u0634 \\u06f4 \\u067e\\u06cc\\u0648\\u0633\\u062a \\u06f6 \\u0622\\u06cc\\u06cc\\u0646 \\u0646\\u0627\\u0645\\u0647 \\u06f2\\u06f8\\u06f0\\u06f0\",\"\\u062f\\u0645\\u0627 : \\u06f3\\u06f7 \\u062f\\u0631\\u062c\\u0647\",\"\\u062a\\u062c\\u0647\\u06cc\\u0632\\u0627\\u062a \\u062d\\u0641\\u0627\\u0638\\u062a \\u0641\\u0631\\u062f\\u06cc\"]', '', '2024-09-03 10:29:10', ''),
(37, 'ESK-P-301015-001000', 'user2', 'in progress', '[\"\\u0686\\u06a9 \\u0644\\u06cc\\u0633\\u062a \\u0639\\u0645\\u0644\\u06cc\\u0627\\u062a \\u0627\\u0633\\u06a9\\u0644\\u062a \\u062a\\u0631\\u0627\\u0632 \\u0645\\u0631\\u0628\\u0648\\u0637\\u0647\",\"\\u0646\\u0642\\u0634\\u0647 \\u0647\\u0627\\u06cc \\u0634\\u0627\\u067e \\u0628\\u0631\\u0627\\u0633\\u0627\\u0633 \\u0648\\u06cc\\u0631\\u0627\\u06cc\\u0634 \\u06f4 \\u067e\\u06cc\\u0648\\u0633\\u062a \\u06f6 \\u0622\\u06cc\\u06cc\\u0646 \\u0646\\u0627\\u0645\\u0647 \\u06f2\\u06f8\\u06f0\\u06f0\",\"\\u0648\\u0627\\u0644 \\u067e\\u0633\\u062a\",\"\\u0646\\u0627\\u0648\\u062f\\u0627\\u0646\\u06cc\",\"\\u0633\\u0646\\u06af \\u0641\\u0631\\u0632\",\"\\u062f\\u0645\\u0627 : \\u06f3\\u06f7 \\u062f\\u0631\\u062c\\u0647\",\"\\u0648\\u0636\\u0639\\u06cc\\u062a \\u062c\\u0648\\u06cc : \\u0622\\u0641\\u062a\\u0627\\u0628\\u06cc\",\"\\u0633\\u0631\\u0639\\u062a \\u0628\\u0627\\u062f : 14KM\\/H\",\"\\u0627\\u06cc\\u0645\\u0646\\u06cc \\u0645\\u0633\\u06cc\\u0631 \\u062a\\u0631\\u062f\\u062f\",\"\\u062d\\u0641\\u0627\\u0638 \\u06af\\u0630\\u0627\\u0631\\u06cc \\u0645\\u0646\\u0627\\u0637\\u0642 \\u067e\\u0631\\u062a\\u06af\\u0627\\u0647\\u06cc\"]', 'asdasdasdasdasdas', '2024-09-03 13:54:51', ''),
(39, 'ESK-P-301015-001000', 'owner', 'Accept', '[\"\\u062f\\u0631\\u06cc\\u0644\",\"\\u0633\\u0646\\u06af \\u0641\\u0631\\u0632\"]', '', '2024-09-03 16:28:42', ''),
(40, 'ESK-P-301015-001001', 'user2', 'in progress', '[\"\\u0686\\u06a9 \\u0644\\u06cc\\u0633\\u062a \\u0639\\u0645\\u0644\\u06cc\\u0627\\u062a \\u0627\\u0633\\u06a9\\u0644\\u062a \\u062a\\u0631\\u0627\\u0632 \\u0645\\u0631\\u0628\\u0648\\u0637\\u0647\",\"\\u0646\\u0642\\u0634\\u0647 \\u0647\\u0627\\u06cc \\u0634\\u0627\\u067e \\u0628\\u0631\\u0627\\u0633\\u0627\\u0633 \\u0648\\u06cc\\u0631\\u0627\\u06cc\\u0634 \\u06f4 \\u067e\\u06cc\\u0648\\u0633\\u062a \\u06f6 \\u0622\\u06cc\\u06cc\\u0646 \\u0646\\u0627\\u0645\\u0647 \\u06f2\\u06f8\\u06f0\\u06f0\"]', 'asdas', '2024-09-03 16:30:24', ''),
(42, 'ESK-P-301015-001002', 'user1', 'in progress', '[\"\\u067e\\u0633\\u06cc\\u067e\\u0628\\u06cc\\u0633\\u067e\"]', 'adasdada', '2024-09-03 18:43:15', ''),
(43, 'ESK-P-301015-001002', 'user2', 'in progress', '[\"\\u067e\\u0633\\u06cc\\u067e\\u0628\\u06cc\\u0633\\u067e\",\"\\u0646\\u062f\\u0627\\u0631\\u062f\"]', 'qweqweq', '2024-09-03 19:17:20', ''),
(44, 'ESK-P-301015-001002', 'owner', 'Accept', '[\"\\u067e\\u0633\\u06cc\\u067e\\u0628\\u06cc\\u0633\\u067e\"]', 'asdasd', '2024-09-03 19:20:33', 'test'),
(46, 'ESK-P-301015-001003', 'user1', 'in progress', '[\"\\u0622\\u06cc\\u062a\\u0645 \\u0634\\u0645\\u0631\\u0627\\u0647 \\u06cc\\u06a9 \\u062f\\u06cc\\u0633\\u06cc\\u067e\\u0644\\u06cc\\u0646 \\u06a9\\u0631\\u0633\\u06cc \\u0686\\u06cc\\u0646\\u06cc\",\"\\u0633\\u06cc\\u0628\\u0633\\u06cc\",\"\\u06cc\\u0633\\u06a9\\u067e\\u06a9\\u0633\\u06cc\\u067e\\u0628\",\"\\u0628\\u0633\\u06cc\\u0628\\u0633\"]', 'qqweqweqeq', '2024-09-04 00:45:32', 'کرسی چینی'),
(47, 'ESK-P-301015-001003', 'owner', 'Accept', '[\"\\u0622\\u06cc\\u062a\\u0645 \\u0634\\u0645\\u0631\\u0627\\u0647 \\u06cc\\u06a9 \\u062f\\u06cc\\u0633\\u06cc\\u067e\\u0644\\u06cc\\u0646 \\u06a9\\u0631\\u0633\\u06cc \\u0686\\u06cc\\u0646\\u06cc\",\"\\u0633\\u06cc\\u0628\\u0633\\u06cc\",\"\\u06cc\\u0633\\u06a9\\u067e\\u06a9\\u0633\\u06cc\\u067e\\u0628\",\"\\u0628\\u0633\\u06cc\\u0628\\u0633\",\"\\u067e\\u06cc\\u0633\\u0628\\u06a9\\u0633\\u06cc\",\"\\u0633\\u06cc\\u0628\\u0633\",\"\\u06a9\\u0645\\u0648\\u06cc\\u0628\\u0648\\u06a9\\u0645\\u0633\\u06cc\",\"\\u0646\\u062f\\u0627\\u0631\\u062f\",\"\\u06a9\\u067e\\u0633\\u06a9\\u06cc\\u0628\\u0633\\u06cc\",\"\\u0646\\u062f\\u0627\\u0631\\u062f\",\"\\u067e\\u0633\\u06cc\\u067e\\u0628\\u06cc\\u0633\\u067e\",\"\\u0646\\u062f\\u0627\\u0631\\u062f\"]', 'اطلاعات مورد تایید میب اشد. لطفا پیگیری لازم انجام شود.', '2024-09-04 00:53:26', 'کرسی چینی'),
(48, 'ESK-P-301015-001004', 'user3', 'in progress', '[\"\\u06cc\\u0633\\u06a9\\u067e\\u06a9\\u0633\\u06cc\\u067e\\u0628\",\"\\u0628\\u0633\\u06cc\\u0628\\u0633\",\"\\u067e\\u0633\\u06cc\\u067e\\u0628\\u06cc\\u0633\\u067e\",\"\\u0646\\u062f\\u0627\\u0631\\u062f\"]', 'sadasda', '2024-09-04 19:21:01', 'کرسی چینی'),
(52, 'ESK-P-301015-001004', 'owner', 'Accept', '[\"ESK-C-301015-001003\",\"\\u067e\\u0633\\u06cc\\u067e\\u0628\\u06cc\\u0633\\u067e\",\"\\u0646\\u062f\\u0627\\u0631\\u062f\"]', 'test now 4', '2024-09-05 08:01:31', 'کرسی چینی'),
(53, 'ESK-P-301015-001005', 'owner', 'Accept', '[\"\\u06a9\\u067e\\u0633\\u06a9\\u06cc\\u0628\\u0633\\u06cc\",\"\\u0646\\u062f\\u0627\\u0631\\u062f\"]', 'sadsada', '2024-09-05 13:17:51', 'کرسی چینی');

-- --------------------------------------------------------

--
-- Table structure for table `project`
--

CREATE TABLE `project` (
  `id` int(11) NOT NULL,
  `project_name` varchar(255) DEFAULT NULL,
  `contract_number` varchar(50) DEFAULT NULL,
  `contractor_name` varchar(255) DEFAULT NULL,
  `date` date DEFAULT NULL,
  `disciplineGroupName` text NOT NULL
) ENGINE=InnoDB DEFAULT CHARSET=utf8mb4 COLLATE=utf8mb4_unicode_ci;

--
-- Dumping data for table `project`
--

INSERT INTO `project` (`id`, `project_name`, `contract_number`, `contractor_name`, `date`, `disciplineGroupName`) VALUES
(1, 'برج غربی پروژه اسکان', 'ESK-CNT-301015-021121', 'همپایه', '2024-02-10', '[\"softhard\",\"structure\"]'),
(7, 'برج شرقی پروژه اسکان', 'ESK-CNT-000001-121212', 'همپایه ۲', '1403-06-06', '[\"softhard\"]');

-- --------------------------------------------------------

--
-- Table structure for table `projectpersonnel`
--

CREATE TABLE `projectpersonnel` (
  `id` int(11) NOT NULL,
  `job_title` varchar(255) DEFAULT NULL,
  `shift` varchar(50) DEFAULT NULL,
  `name` varchar(255) DEFAULT NULL,
  `role` text NOT NULL,
  `projectID` int(11) NOT NULL,
  `userID` int(11) NOT NULL
) ENGINE=InnoDB DEFAULT CHARSET=utf8mb4 COLLATE=utf8mb4_unicode_ci;

--
-- Dumping data for table `projectpersonnel`
--

INSERT INTO `projectpersonnel` (`id`, `job_title`, `shift`, `name`, `role`, `projectID`, `userID`) VALUES
(1, 'سرپرست کارگاه پیمانکار', 'شب', 'حمیدرضا فروزش', 'contractor', 1, 1),
(2, 'سرپرست کارگاه کارفرما', 'روز', 'کاربر سرپرست کارگاه', 'owner', 1, 7),
(3, 'سرپرست واحد ابنیه و فیشینگ / سازه', 'روز', 'کاربر شماره ۱', 'owner', 1, 2),
(4, 'سرپرست واحد الکتریکال ۲', 'روز', 'کاربر شماره ۲', 'owner', 1, 3),
(5, 'سرپرست واحد مکانیکال', 'شب', 'کاربر شماره ۳', 'owner', 1, 4),
(6, 'سرپرست HSE', 'روز', 'کاربر شماره ۴', 'owner', 1, 5),
(8, 'سرپرست واحد نقشه برداری', 'روز', 'کاربر شماره ۵', 'owner', 1, 6),
(13, 'سرپرست کارگاه', 'روز', 'contractor', 'contractor', 7, 1),
(14, 'سرپرست ابنیه', 'روز', 'user1', 'owner', 7, 2),
(15, 'سرپرست کارگاه', 'روز', 'owner', 'owner', 7, 7);

-- --------------------------------------------------------

--
-- Table structure for table `seen_log`
--

CREATE TABLE `seen_log` (
  `id` int(11) NOT NULL,
  `item_type` varchar(50) NOT NULL,
  `seen_at` timestamp NOT NULL DEFAULT current_timestamp(),
  `item_id` text NOT NULL,
  `user_id` text NOT NULL
) ENGINE=InnoDB DEFAULT CHARSET=utf8mb4 COLLATE=utf8mb4_unicode_ci;

--
-- Dumping data for table `seen_log`
--

INSERT INTO `seen_log` (`id`, `item_type`, `seen_at`, `item_id`, `user_id`) VALUES
(1, 'Permit', '2024-07-09 11:25:20', 'PNE-P-202004-559467', 'user#1'),
(3, 'Permit', '2024-08-15 19:48:00', 'PNE-P-202004-977546', 'user#1'),
(4, 'Permit', '2024-07-09 11:25:20', 'PNE-P-202004-44714', 'user#2'),
(5, 'Permit', '2024-08-12 10:06:18', 'PNE-P-202004-977546', 'user#2'),
(6, 'Permit', '2024-08-11 13:34:57', 'PNE-P-202004-44714', 'owner'),
(7, 'Permit', '2024-07-09 11:25:20', 'PNE-P-202004-117286', 'owner'),
(8, 'Permit', '2024-08-12 10:06:43', 'PNE-P-202004-977546', 'owner'),
(9, 'Permit', '2024-08-15 20:41:50', 'PNE-P-202004-663725', 'user#1'),
(10, 'Permit', '2024-08-15 20:41:05', 'PNE-P-202004-37331', 'user#1'),
(11, 'Permit', '2024-08-15 19:50:28', 'PNE-P-202004-439450', 'user#1'),
(12, 'Permit', '2024-08-15 20:21:39', 'PNE-P-202004-623339', 'user#1'),
(13, 'Permit', '2024-07-14 07:26:05', 'PNE-P-202004-117286', 'user#1'),
(14, 'Permit', '2024-07-09 14:49:40', 'PNE-P-202004-559467', 'owner'),
(15, 'Permit', '2024-07-23 09:21:50', 'PNE-P-202004-559467', 'contractor'),
(16, 'Permit', '2024-07-09 14:47:57', 'PNE-P-202004-559467', 'user#2'),
(17, 'Permit', '2024-07-09 15:17:23', '6', 'user#1'),
(18, 'Permit', '2024-07-14 06:53:47', 'PNE-P-202004-439450', 'contractor'),
(19, 'Permit', '2024-07-14 07:32:08', 'PNE-P-202004-37331', 'user#2'),
(20, 'Permit', '2024-08-12 09:09:50', 'PNE-P-202004-117286', 'contractor'),
(21, 'Permit', '2024-08-12 10:07:45', 'PNE-P-202004-977546', 'contractor'),
(22, 'Permit', '2024-07-30 13:51:56', 'PNE-P-202004-387870', 'user#1'),
(23, 'Permit', '2024-07-30 13:53:02', 'PNE-P-202004-289477', 'user#1'),
(24, 'Permit', '2024-07-30 13:53:22', 'PNE-P-202004-387870', 'user#2'),
(25, 'Permit', '2024-07-31 06:10:42', 'PNE-P-202004-347857', 'contractor'),
(26, 'Permit', '2024-07-30 14:23:18', 'PNE-P-202004-347857', 'user#1'),
(27, 'Permit', '2024-07-30 14:23:53', 'PNE-P-202004-347857', 'user#2'),
(28, 'Permit', '2024-08-05 05:11:07', 'PNE-P-202004-347857', 'owner'),
(29, 'Permit', '2024-07-31 10:24:04', 'PNE-P-202004-186021', 'user#1'),
(30, 'Permit', '2024-07-31 10:27:45', 'PNE-P-202004-186021', 'user#2'),
(31, 'Permit', '2024-08-10 10:01:20', 'PNE-P-202004-186021', 'owner'),
(32, 'Permit', '2024-08-10 10:19:33', 'PNE-P-202004-186021', 'contractor'),
(33, 'Permit', '2024-08-11 07:38:21', 'PNE-P-202004-863985', 'user#1'),
(34, 'Permit', '2024-08-11 07:37:19', 'PNE-P-202004-17151', 'user#1'),
(35, 'Permit', '2024-08-11 07:42:10', 'PNE-P-202004-447375', 'user#1'),
(36, 'Permit', '2024-08-11 07:42:13', 'PNE-P-202004-458273', 'user#1'),
(37, 'Permit', '2024-08-11 07:42:17', 'PNE-P-202004-412809', 'user#1'),
(38, 'Permit', '2024-08-11 07:42:25', 'PNE-P-202004-447376', 'user#1'),
(39, 'Permit', '2024-08-11 07:44:38', 'PNE-P-202004-29170', 'user#1'),
(40, 'Permit', '2024-08-11 08:10:45', 'PNE-P-202004-29170', 'user#2'),
(41, 'Permit', '2024-08-11 12:59:48', 'PNE-P-202004-439450', 'owner'),
(42, 'Permit', '2024-08-15 21:28:24', 'PNE-P-202004-623339', 'owner'),
(43, 'Permit', '2024-08-16 00:24:30', 'PNE-P-202004-128288', 'owner'),
(44, 'Permit', '2024-08-16 13:12:41', 'PNE-P-202004-818917', 'user#1'),
(45, 'Permit', '2024-08-16 13:13:17', 'PNE-P-202004-818917', 'user#2'),
(46, 'Permit', '2024-08-16 13:13:53', 'PNE-P-202004-818917', 'owner'),
(47, 'Permit', '2024-08-17 06:59:52', 'CNT-P-301015-818918', 'owner'),
(48, 'Permit', '2024-09-03 00:42:45', 'CNT-P-301015-818919', 'owner'),
(49, 'Permit', '2024-08-17 07:18:49', 'CNT-P-301015-818919', 'user#1'),
(50, 'Permit', '2024-08-17 07:33:37', 'CNT-P-301015-818919', 'user#2'),
(51, 'Permit', '2024-09-03 10:21:47', 'CNT-P-301015-000001', 'user#1'),
(52, 'Permit', '2024-09-03 10:22:06', 'CNT-P-301015-000001', 'owner'),
(53, 'Permit', '2024-09-03 13:54:28', 'ESK-P-301015-001000', 'user#2'),
(54, 'Permit', '2024-09-03 16:28:32', 'ESK-P-301015-001000', 'owner'),
(55, 'Permit', '2024-09-03 16:30:18', 'ESK-P-301015-001001', 'user#2'),
(56, 'Permit', '2024-09-03 16:48:35', 'ESK-P-301015-001001', 'user#4'),
(57, 'Permit', '2024-09-03 16:33:04', 'ESK-P-301015-001001', 'contractor'),
(58, 'Permit', '2024-09-03 19:20:25', 'ESK-P-301015-001002', 'owner'),
(59, 'Permit', '2024-09-03 19:17:03', 'ESK-P-301015-001001', 'user#1'),
(60, 'Permit', '2024-09-03 18:43:05', 'ESK-P-301015-001002', 'user#1'),
(61, 'Permit', '2024-09-03 19:17:14', 'ESK-P-301015-001002', 'user#2'),
(62, 'Permit', '2024-09-04 00:09:28', 'ESK-P-301015-001002', 'contractor'),
(63, 'Permit', '2024-09-04 00:45:20', 'ESK-P-301015-001003', 'user1'),
(64, 'Permit', '2024-09-04 19:25:13', 'ESK-P-301015-001003', 'owner'),
(65, 'Permit', '2024-09-04 19:08:59', 'ESK-P-301015-001004', 'user1'),
(66, 'Permit', '2024-09-04 19:07:42', 'ESK-P-301015-001001', 'user1'),
(67, 'Permit', '2024-09-04 19:20:36', 'ESK-P-301015-001004', 'user3'),
(68, 'Permit', '2024-09-05 08:01:10', 'ESK-P-301015-001004', 'owner'),
(69, 'Permit', '2024-09-05 07:32:59', 'ESK-P-301015-001001', 'owner'),
(70, 'Permit', '2024-09-05 14:20:39', 'ESK-P-301015-001005', 'owner'),
(71, 'Permit', '2024-09-05 14:20:20', 'ESK-P-301015-001005', 'contractor'),
(72, 'Permit', '2024-09-05 13:08:22', 'ESK-P-301015-001004', 'contractor'),
(73, 'Permit', '2024-09-05 13:09:02', 'ESK-P-301015-001003', 'contractor'),
(74, 'Permit', '2024-09-05 13:42:01', 'ESK-P-301015-001006', 'contractor'),
(75, 'Permit', '2024-09-05 14:17:01', 'ESK-P-301015-001006', 'owner'),
(76, 'Permit', '2024-09-11 14:39:12', 'ESK-P-301015-000000', 'contractor');

-- --------------------------------------------------------

--
-- Table structure for table `status`
--

CREATE TABLE `status` (
  `id` int(11) NOT NULL,
  `type` text DEFAULT NULL,
  `status` text DEFAULT NULL,
  `date_created` text DEFAULT NULL,
  `proccessID` text DEFAULT NULL
) ENGINE=InnoDB DEFAULT CHARSET=utf8mb4 COLLATE=utf8mb4_unicode_ci;

--
-- Dumping data for table `status`
--

INSERT INTO `status` (`id`, `type`, `status`, `date_created`, `proccessID`) VALUES
(58, 'Permit', 'Accept', '2024-09-03 10:29:10', 'CNT-P-301015-000001'),
(59, 'Checklist', 'issued', '2024-09-03 10:29:30', 'CNT-C-301015-000001'),
(60, 'Permit', 'Accept', '2024-09-03 16:28:42', 'ESK-P-301015-001000'),
(61, 'Permit', 'in progress', '2024-09-03 16:30:24', 'ESK-P-301015-001001'),
(62, 'Checklist', 'issued', '2024-09-03 16:30:46', 'ESK-C-301015-001000'),
(63, 'Permit', 'issued', '2024-09-03 16:31:58', 'ESK-P-301015-001001'),
(64, 'Permit', 'issued', '2024-09-03 16:41:18', 'ESK-P-301015-001001'),
(65, 'Checklist', 'Accept', '2024-09-03 16:50:25', 'ESK-P-301015-001000'),
(66, 'Permit', 'Accept', '2024-09-03 19:20:33', 'ESK-P-301015-001002'),
(67, 'Checklist', 'issued', '2024-09-03 21:24:55', 'ESK-C-301015-001002'),
(68, 'Checklist', 'Accept', '2024-09-03 21:32:25', 'ESK-P-301015-001002'),
(70, 'Permit', 'Accept', '2024-09-04 00:53:26', 'ESK-P-301015-001003'),
(71, 'Checklist', 'issued', '2024-09-04 01:18:50', 'ESK-C-301015-001003'),
(72, 'Permit', 'Accept', '2024-09-05 08:01:31', 'ESK-P-301015-001004'),
(73, 'Permit', 'Accept', '2024-09-05 13:17:51', 'ESK-P-301015-001005'),
(74, 'Permit', 'issued', '2024-09-05 13:33:10', 'ESK-P-301015-001006'),
(75, 'Permit', 'issued', '2024-09-11 14:38:58', 'ESK-P-301015-000000');

-- --------------------------------------------------------

--
-- Table structure for table `users`
--

CREATE TABLE `users` (
  `id` int(11) NOT NULL,
  `username` varchar(255) DEFAULT NULL,
  `fullname` text NOT NULL,
  `password` varchar(255) DEFAULT NULL,
  `phone_number` varchar(15) DEFAULT NULL,
  `job_title` varchar(255) DEFAULT NULL,
  `job_position` int(11) DEFAULT NULL,
  `company` varchar(255) DEFAULT NULL,
  `description` text DEFAULT NULL,
  `date_created` text DEFAULT NULL
) ENGINE=InnoDB DEFAULT CHARSET=utf8mb4 COLLATE=utf8mb4_unicode_ci;

--
-- Dumping data for table `users`
--

INSERT INTO `users` (`id`, `username`, `fullname`, `password`, `phone_number`, `job_title`, `job_position`, `company`, `description`, `date_created`) VALUES
(1, 'contractor', 'حمیدرضا فروزش', '0010', '09029983102', 'رییس کارگاه', 3, 'گروه ساختمانی همپایه', 'سرپرست کارگاه مربوط به گروه ساختمانی همپایه', '2024-03-30 11:41:09'),
(2, 'user1', 'کاربر شماره ۱', '0010', '۰۰۱۰', 'سرپرست واحد ابنیه و فیشینگ / سازه', 2, 'میکا', NULL, '2024-03-30 12:36:54'),
(3, 'user2', 'کاربر شماره ۲', '0010', '۰۰۱۰', 'سرپرست واحد الکتریکال', 2, 'میکا', NULL, '2024-03-30 12:37:49'),
(4, 'user3', 'کاربر شماره ۳', '0010', '۰۰۱۰', 'سرپرست واحد مکانیکال', 2, 'میکا', NULL, '2024-03-30 12:38:27'),
(5, 'user4', 'کاربر شماره ۴', '0010', '۰۰۱۰', 'سرپرست HSE', 2, 'میکا', NULL, '2024-03-30 12:39:02'),
(6, 'user5', 'کاربر شماره ۵', '0010', '۰۰۱۰', 'سرپرست واحد نقشه برداری', 2, 'میکا', NULL, '2024-03-30 12:39:43'),
(7, 'owner', 'کاربر سرپرست کارگاه', '0010', '۰۰۱۰', 'رییس کارگاه', 3, 'میکا', NULL, '2024-03-30 12:40:41'),
(9, 'idevsoftwaregroup', 'Arash Ataei', '0010', '09029983102', 'Developer and Manager of Software Dev. Team', NULL, 'Mika Center Office', 'I am Arash Ataei', NULL),
(10, 'admin', 'Administrator', '0010', '09029983102', 'Developer and Manager of Software Dev. Team', NULL, 'Mika Center Office', 'I am Arash Ataei', NULL),
(11, 'contractor_911', 'مطهری', '0010', '09029983012', 'سرپرست کارگاه پیمانکار', 3, 'متفرقه', 'ایشان به عنوان سرپرست کارگاه کارفرما برای پروژه مختلفی با میکا در حال همکاری می باشند.', '2024-04-04 11:03:23'),
(12, 'owner_m', 'محمدیانی', '1101', '0010', 'سرپرست کارگاه کارفرما', 3, 'میکا', 'سرپرست شماره ۲ کارگاه کارفرما', '2024-04-04 12:10:10');

--
-- Indexes for dumped tables
--

--
-- Indexes for table `admin`
--
ALTER TABLE `admin`
  ADD PRIMARY KEY (`id`);

--
-- Indexes for table `checklist`
--
ALTER TABLE `checklist`
  ADD PRIMARY KEY (`checklist_id`);

--
-- Indexes for table `checklistitemsactions`
--
ALTER TABLE `checklistitemsactions`
  ADD PRIMARY KEY (`id`);

--
-- Indexes for table `checklist_items`
--
ALTER TABLE `checklist_items`
  ADD PRIMARY KEY (`id`),
  ADD KEY `discipline_id` (`discipline_id`);

--
-- Indexes for table `disciplines`
--
ALTER TABLE `disciplines`
  ADD PRIMARY KEY (`id`),
  ADD KEY `group` (`group`(768));

--
-- Indexes for table `discipline_group`
--
ALTER TABLE `discipline_group`
  ADD PRIMARY KEY (`group_id`),
  ADD KEY `discipline_id` (`discipline_id`);

--
-- Indexes for table `permitdisciplines`
--
ALTER TABLE `permitdisciplines`
  ADD PRIMARY KEY (`id`);

--
-- Indexes for table `permititems`
--
ALTER TABLE `permititems`
  ADD PRIMARY KEY (`id`);

--
-- Indexes for table `permititemsselection`
--
ALTER TABLE `permititemsselection`
  ADD PRIMARY KEY (`id`),
  ADD KEY `fk_permitItemsSelection_discipline` (`discipline_id`);

--
-- Indexes for table `permititemsselectiondone`
--
ALTER TABLE `permititemsselectiondone`
  ADD PRIMARY KEY (`id`);

--
-- Indexes for table `permits`
--
ALTER TABLE `permits`
  ADD PRIMARY KEY (`id`);

--
-- Indexes for table `permit_status`
--
ALTER TABLE `permit_status`
  ADD PRIMARY KEY (`id`);

--
-- Indexes for table `project`
--
ALTER TABLE `project`
  ADD PRIMARY KEY (`id`);

--
-- Indexes for table `projectpersonnel`
--
ALTER TABLE `projectpersonnel`
  ADD PRIMARY KEY (`id`);

--
-- Indexes for table `seen_log`
--
ALTER TABLE `seen_log`
  ADD PRIMARY KEY (`id`);

--
-- Indexes for table `status`
--
ALTER TABLE `status`
  ADD PRIMARY KEY (`id`);

--
-- Indexes for table `users`
--
ALTER TABLE `users`
  ADD PRIMARY KEY (`id`);

--
-- AUTO_INCREMENT for dumped tables
--

--
-- AUTO_INCREMENT for table `admin`
--
ALTER TABLE `admin`
  MODIFY `id` int(11) NOT NULL AUTO_INCREMENT, AUTO_INCREMENT=2;

--
-- AUTO_INCREMENT for table `checklist`
--
ALTER TABLE `checklist`
  MODIFY `checklist_id` int(11) NOT NULL AUTO_INCREMENT, AUTO_INCREMENT=12;

--
-- AUTO_INCREMENT for table `checklistitemsactions`
--
ALTER TABLE `checklistitemsactions`
  MODIFY `id` int(11) NOT NULL AUTO_INCREMENT, AUTO_INCREMENT=49;

--
-- AUTO_INCREMENT for table `checklist_items`
--
ALTER TABLE `checklist_items`
  MODIFY `id` int(11) NOT NULL AUTO_INCREMENT, AUTO_INCREMENT=508;

--
-- AUTO_INCREMENT for table `disciplines`
--
ALTER TABLE `disciplines`
  MODIFY `id` int(11) NOT NULL AUTO_INCREMENT, AUTO_INCREMENT=51;

--
-- AUTO_INCREMENT for table `permitdisciplines`
--
ALTER TABLE `permitdisciplines`
  MODIFY `id` int(11) NOT NULL AUTO_INCREMENT, AUTO_INCREMENT=42;

--
-- AUTO_INCREMENT for table `permititems`
--
ALTER TABLE `permititems`
  MODIFY `id` int(11) NOT NULL AUTO_INCREMENT;

--
-- AUTO_INCREMENT for table `permititemsselection`
--
ALTER TABLE `permititemsselection`
  MODIFY `id` int(11) NOT NULL AUTO_INCREMENT, AUTO_INCREMENT=278;

--
-- AUTO_INCREMENT for table `permititemsselectiondone`
--
ALTER TABLE `permititemsselectiondone`
  MODIFY `id` int(11) NOT NULL AUTO_INCREMENT, AUTO_INCREMENT=41;

--
-- AUTO_INCREMENT for table `permits`
--
ALTER TABLE `permits`
  MODIFY `id` int(11) NOT NULL AUTO_INCREMENT, AUTO_INCREMENT=50;

--
-- AUTO_INCREMENT for table `permit_status`
--
ALTER TABLE `permit_status`
  MODIFY `id` int(11) NOT NULL AUTO_INCREMENT, AUTO_INCREMENT=54;

--
-- AUTO_INCREMENT for table `project`
--
ALTER TABLE `project`
  MODIFY `id` int(11) NOT NULL AUTO_INCREMENT, AUTO_INCREMENT=8;

--
-- AUTO_INCREMENT for table `projectpersonnel`
--
ALTER TABLE `projectpersonnel`
  MODIFY `id` int(11) NOT NULL AUTO_INCREMENT, AUTO_INCREMENT=16;

--
-- AUTO_INCREMENT for table `seen_log`
--
ALTER TABLE `seen_log`
  MODIFY `id` int(11) NOT NULL AUTO_INCREMENT, AUTO_INCREMENT=77;

--
-- AUTO_INCREMENT for table `status`
--
ALTER TABLE `status`
  MODIFY `id` int(11) NOT NULL AUTO_INCREMENT, AUTO_INCREMENT=76;

--
-- AUTO_INCREMENT for table `users`
--
ALTER TABLE `users`
  MODIFY `id` int(11) NOT NULL AUTO_INCREMENT, AUTO_INCREMENT=15;

--
-- Constraints for dumped tables
--

--
-- Constraints for table `checklist_items`
--
ALTER TABLE `checklist_items`
  ADD CONSTRAINT `fk_discipline_id` FOREIGN KEY (`discipline_id`) REFERENCES `disciplines` (`id`) ON DELETE CASCADE ON UPDATE CASCADE;

--
-- Constraints for table `discipline_group`
--
ALTER TABLE `discipline_group`
  ADD CONSTRAINT `discipline_group_ibfk_1` FOREIGN KEY (`discipline_id`) REFERENCES `disciplines` (`id`);

--
-- Constraints for table `permititemsselection`
--
ALTER TABLE `permititemsselection`
  ADD CONSTRAINT `fk_permitItemsSelection_discipline` FOREIGN KEY (`discipline_id`) REFERENCES `permitdisciplines` (`id`);
COMMIT;

/*!40101 SET CHARACTER_SET_CLIENT=@OLD_CHARACTER_SET_CLIENT */;
/*!40101 SET CHARACTER_SET_RESULTS=@OLD_CHARACTER_SET_RESULTS */;
/*!40101 SET COLLATION_CONNECTION=@OLD_COLLATION_CONNECTION */;
